eval/rm_pair_accuracy,train/cuda_memory_allocated_mb,eval/rm_rejected_score_mean,train/cuda_max_memory_reserved_mb,dataset/train_gen,dataset/train_prefs,train/optimizer_step,train/microbatch_count,setup/estimated_total_optimizer_steps,setup/total_params,setup/device_type,setup/model_param_devices,eval/rm_margin_mean,setup/trainable_params,train/optimizer_steps_completed,setup/cuda_current_device_index,setup/torch_cuda_is_available,train/gradient_global_norm_after_clipping,eval/step,setup/cuda_device_name,setup/cuda_device_count,setup/cuda_max_memory_allocated_mb,setup/cuda_memory_allocated_mb,setup/cuda_compute_capability_minor,dataset/eval_examples,eval/rm_chosen_score_mean,dataset/train_examples,eval/rm_margin_std,setup/cuda_memory_reserved_mb,train/reward_model/margin_mean,setup/cuda_max_memory_reserved_mb,train/reward_model/rejected_score_mean,train/reward_model/pair_accuracy,setup/cuda_total_memory_mb,train/cuda_memory_reserved_mb,setup/model_param_device_count,train/lr,train/optimizer_steps_per_second,train/reward_model/loss,setup/trainable_fraction,train/elapsed_seconds,_timestamp,setup/model_first_param_device,setup/cuda_bf16_supported,setup/cuda_compute_capability_major,dataset/test_prefs,eval/count_preference_pairs,train/reward_model/chosen_score_mean,setup/cuda_multiprocessor_count,_step,dataset/test_gen,train/cuda_max_memory_allocated_mb,_runtime
0.5546875,,-4.21875,,4744.0,4744.0,,,445.0,1580646912.0,cuda,cuda:0,0.125,36932608.0,,0.0,True,,0.0,NVIDIA H100 80GB HBM3,1.0,3141.28271484375,3141.28271484375,0.0,256.0,-4.09375,4744.0,0.83984375,3174.0,,3174.0,,,81079.125,,1.0,,,,0.023365501630765215,,1775632128.0792763,cuda:0,True,9.0,256.0,256.0,,132.0,0,256.0,,13.125974277
,3597.09716796875,,7016.0,,,1.0,4.0,,,,,,,,,,5.545714855194092,,,,,,,,,,,,0.091796875,,-4.21875,0.625,,7016.0,,3.0000000000000004e-07,,0.66796875,,,1775632132.4028735,,,,,,-4.125,,1,,6596.365234375,16.090980564
,3549.15869140625,,7066.0,,,2.0,8.0,,,,,,,,,,3.9023008346557617,,,,,,,,,,,,0.068359375,,-4.21875,0.5,,7066.0,,6.000000000000001e-07,,0.7109375,,,1775632135.3679178,,,,,,-4.125,,2,,6716.478515625,19.022305223
,3548.27587890625,,7066.0,,,3.0,12.0,,,,,,,,,,5.745944499969482,,,,,,,,,,,,-0.1875,,-4.09375,0.25,,7066.0,,9e-07,,0.87109375,,,1775632138.299137,,,,,,-4.28125,,3,,6716.478515625,23.084429969
,3572.63232421875,,7978.0,,,4.0,16.0,,,,,,,,,,4.522190093994141,,,,,,,,,,,,0.443359375,,-4.03125,0.75,,7978.0,,1.2000000000000002e-06,,0.578125,,,1775632142.3614545,,,,,,-3.578125,,4,,7331.33056640625,25.814574111
,3544.62451171875,,7978.0,,,5.0,20.0,,,,,,,,,,6.5621161460876465,,,,,,,,,,,,0.12109375,,-4.125,0.625,,7978.0,,1.5e-06,,0.6796875,,,1775632145.0916038,,,,,,-4.03125,,5,,7331.33056640625,28.974967056
,3558.3125,,7982.0,,,6.0,24.0,,,,,,,,,,11.725601196289062,,,,,,,,,,,,-0.015625,,-4.09375,0.625,,7982.0,,1.8e-06,,0.828125,,,1775632148.251824,,,,,,-4.125,,6,,7331.33056640625,31.467807862
,3549.12451171875,,7982.0,,,7.0,28.0,,,,,,,,,,5.02902364730835,,,,,,,,,,,,0.578125,,-4.625,0.75,,7982.0,,2.1000000000000002e-06,,0.5078125,,,1775632150.7446668,,,,,,-4.0625,,7,,7331.33056640625,34.760739497
,3585.36767578125,,7982.0,,,8.0,32.0,,,,,,,,,,4.963352680206299,,,,,,,,,,,,0.453125,,-4.90625,0.5,,7982.0,,2.4000000000000003e-06,,0.5546875,,,1775632154.0376816,,,,,,-4.46875,,8,,7331.33056640625,37.906946462
,3539.91259765625,,7982.0,,,9.0,36.0,,,,,,,,,,5.485400676727295,,,,,,,,,,,,-0.123046875,,-4.125,0.375,,7982.0,,2.7e-06,,0.85546875,,,1775632157.1836517,,,,,,-4.25,,9,,7331.33056640625,40.873461074
,3540.662109375,,7982.0,,,10.0,40.0,,,,,,,,,,5.828944683074951,,,,,,,,,,,,-0.1015625,,-4.4375,0.5,,7982.0,,3e-06,,0.8203125,,,1775632160.150288,,,,,,-4.53125,,10,,7331.33056640625,44.051391272
,3564.3505859375,,7982.0,,,11.0,44.0,,,,,,,,,,6.666277885437012,,,,,,,,,,,,-0.1953125,,-3.9375,0.375,,7982.0,,3.3e-06,,0.82421875,,,1775632163.3283257,,,,,,-4.125,,11,,7331.33056640625,46.91184336
,3548.4384765625,,7982.0,,,12.0,48.0,,,,,,,,,,5.867323875427246,,,,,,,,,,,,0.35546875,,-4.4375,0.75,,7982.0,,3.6e-06,,0.5859375,,,1775632166.1884992,,,,,,-4.0625,,12,,7331.33056640625,50.24134931
,3549.5244140625,,7982.0,,,13.0,52.0,,,,,,,,,,5.027459144592285,,,,,,,,,,,,-0.1640625,,-4.15625,0.5,,7982.0,,3.9e-06,,0.83984375,,,1775632169.5183516,,,,,,-4.34375,,13,,7331.33056640625,54.036468822
,3562.10107421875,,7984.0,,,14.0,56.0,,,,,,,,,,5.470824241638184,,,,,,,,,,,,-0.068359375,,-4.5,0.5,,7984.0,,4.2000000000000004e-06,,0.76953125,,,1775632173.3134744,,,,,,-4.5625,,14,,7331.33056640625,56.717125249
,3551.54833984375,,7984.0,,,15.0,60.0,,,,,,,,,,6.925800323486328,,,,,,,,,,,,0.099609375,,-4.1875,0.5,,7984.0,,4.5e-06,,0.78515625,,,1775632175.994063,,,,,,-4.09375,,15,,7331.33056640625,59.751519178
,3566.17626953125,,7984.0,,,16.0,64.0,,,,,,,,,,4.902660846710205,,,,,,,,,,,,-0.001953125,,-3.828125,0.375,,7984.0,,4.800000000000001e-06,,0.8046875,,,1775632179.0285184,,,,,,-3.828125,,16,,7331.33056640625,63.062610197
,3548.47509765625,,7984.0,,,17.0,68.0,,,,,,,,,,5.102328300476074,,,,,,,,,,,,-0.154296875,,-4.34375,0.5,,7984.0,,5.1e-06,,0.8046875,,,1775632182.3395503,,,,,,-4.5,,17,,7331.33056640625,65.865273388
,3550.90966796875,,7984.0,,,18.0,72.0,,,,,,,,,,6.297284126281738,,,,,,,,,,,,0.154296875,,-4.46875,0.5,,7984.0,,5.4e-06,,0.703125,,,1775632185.1420808,,,,,,-4.3125,,18,,7331.33056640625,69.295908975
,3590.0732421875,,7984.0,,,19.0,76.0,,,,,,,,,,6.701119899749756,,,,,,,,,,,,0.443359375,,-4.6875,0.625,,7984.0,,5.7000000000000005e-06,,0.53515625,,,1775632188.57275,,,,,,-4.25,,19,,7331.33056640625,71.830076394
,3552.82763671875,,7984.0,,,20.0,80.0,,,,,,,,,,5.8698201179504395,,,,,,,,,,,,0.7734375,,-4.625,0.875,,7984.0,,6e-06,,0.421875,,,1775632191.1067915,,,,,,-3.84375,,20,,7331.33056640625,75.082949418
,3560.115234375,,7984.0,,,21.0,84.0,,,,,,,,,,7.243900299072266,,,,,,,,,,,,0.2578125,,-4.53125,0.625,,7984.0,,6.3e-06,,0.6875,,,1775632194.35998,,,,,,-4.28125,,21,,7331.33056640625,78.275241513
,3544.56884765625,,7984.0,,,22.0,88.0,,,,,,,,,,5.3896403312683105,,,,,,,,,,,,0.2109375,,-4.21875,0.625,,7984.0,,6.6e-06,,0.7109375,,,1775632197.552284,,,,,,-4.0,,22,,7331.33056640625,81.400908266
,3550.74755859375,,7984.0,,,23.0,92.0,,,,,,,,,,4.207720756530762,,,,,,,,,,,,0.94140625,,-4.71875,0.75,,7984.0,,6.900000000000001e-06,,0.392578125,,,1775632200.6776228,,,,,,-3.765625,,23,,7331.33056640625,84.643638343
,3609.56884765625,,7984.0,,,24.0,96.0,,,,,,,,,,6.735995292663574,,,,,,,,,,,,-0.66796875,,-3.53125,0.125,,7984.0,,7.2e-06,,1.109375,,,1775632203.9205678,,,,,,-4.21875,,24,,7331.33056640625,88.133310755
0.58203125,3564.58154296875,-4.4375,7984.0,,,25.0,100.0,,,,,0.1806640625,,,,,10.440104484558105,25.0,,,,,,,-4.25,,0.7109375,,0.11328125,,-4.25,0.375,,7984.0,,7.5e-06,,0.68359375,,,1775632215.6567943,,,,,256.0,-4.125,,25,,7331.33056640625,99.422272409
,3568.7919921875,,7984.0,,,26.0,104.0,,,,,,,,,,5.161632537841797,,,,,,,,,,,,0.439453125,,-4.65625,0.75,,7984.0,,7.8e-06,,0.5234375,,,1775632218.6992931,,,,,,-4.21875,,26,,7331.33056640625,102.409183612
,3557.78466796875,,7984.0,,,27.0,108.0,,,,,,,,,,3.8154056072235107,,,,,,,,,,,,0.390625,,-4.71875,0.625,,7984.0,,8.1e-06,,0.5546875,,,1775632221.6863167,,,,,,-4.34375,,27,,7331.33056640625,105.365724002
,3568.68310546875,,7984.0,,,28.0,112.0,,,,,,,,,,4.640657901763916,,,,,,,,,,,,0.25390625,,-4.53125,0.5,,7984.0,,8.400000000000001e-06,,0.65625,,,1775632224.642751,,,,,,-4.28125,,28,,7331.33056640625,108.181704724
,3549.96630859375,,7984.0,,,29.0,116.0,,,,,,,,,,5.091663360595703,,,,,,,,,,,,0.14453125,,-4.96875,0.75,,7984.0,,8.7e-06,,0.66796875,,,1775632227.4585316,,,,,,-4.8125,,29,,7331.33056640625,110.994892473
,3553.4541015625,,7984.0,,,30.0,120.0,,,,,,,,,,4.877567768096924,,,,,,,,,,,,0.4609375,,-4.59375,0.625,,7984.0,,9e-06,,0.61328125,,,1775632230.2718785,,,,,,-4.125,,30,,7331.33056640625,113.611297485
,3552.7802734375,,7984.0,,,31.0,124.0,,,,,,,,,,5.560208320617676,,,,,,,,,,,,-0.046875,,-4.40625,0.625,,7984.0,,9.3e-06,,0.7421875,,,1775632232.8880143,,,,,,-4.4375,,31,,7331.33056640625,117.396631488
,3570.69677734375,,7984.0,,,32.0,128.0,,,,,,,,,,4.268343925476074,,,,,,,,,,,,0.158203125,,-4.78125,0.375,,7984.0,,9.600000000000001e-06,,0.65625,,,1775632236.6736298,,,,,,-4.625,,32,,7331.33056640625,119.844389242
,3538.20458984375,,7986.0,,,33.0,132.0,,,,,,,,,,4.397839546203613,,,,,,,,,,,,0.71875,,-5.15625,0.625,,7986.0,,9.9e-06,,0.478515625,,,1775632239.121281,,,,,,-4.4375,,33,,7331.33056640625,123.284383752
,3553.70849609375,,7986.0,,,34.0,136.0,,,,,,,,,,5.440555095672607,,,,,,,,,,,,0.001953125,,-4.96875,0.375,,7986.0,,1.02e-05,,0.75,,,1775632242.5612464,,,,,,-4.96875,,34,,7331.33056640625,126.834110228
,3563.59521484375,,7986.0,,,35.0,140.0,,,,,,,,,,3.702082633972168,,,,,,,,,,,,0.302734375,,-5.0,0.875,,7986.0,,1.05e-05,,0.5703125,,,1775632246.110969,,,,,,-4.71875,,35,,7331.33056640625,129.740070981
,3568.77685546875,,7986.0,,,36.0,144.0,,,,,,,,,,4.3029584884643555,,,,,,,,,,,,0.353515625,,-5.03125,0.875,,7986.0,,1.08e-05,,0.54296875,,,1775632249.0170057,,,,,,-4.6875,,36,,7331.33056640625,132.723793358
,3553.08203125,,7986.0,,,37.0,148.0,,,,,,,,,,4.915143013000488,,,,,,,,,,,,0.43359375,,-5.71875,0.5,,7986.0,,1.11e-05,,0.62890625,,,1775632252.0007296,,,,,,-5.28125,,37,,7331.33056640625,136.309640229
,3550.4365234375,,7986.0,,,38.0,152.0,,,,,,,,,,4.759593486785889,,,,,,,,,,,,-0.013671875,,-5.0625,0.5,,7986.0,,1.1400000000000001e-05,,0.8125,,,1775632255.5864902,,,,,,-5.09375,,38,,7331.33056640625,139.580415615
,3589.01416015625,,7986.0,,,39.0,156.0,,,,,,,,,,5.590572834014893,,,,,,,,,,,,0.9140625,,-5.5625,0.75,,7986.0,,1.1700000000000001e-05,,0.435546875,,,1775632258.8572266,,,,,,-4.625,,39,,7331.33056640625,142.549641269
,3548.6171875,,7986.0,,,40.0,160.0,,,,,,,,,,4.5338640213012695,,,,,,,,,,,,0.8984375,,-5.875,0.75,,7986.0,,1.2e-05,,0.5,,,1775632261.8266132,,,,,,-4.96875,,40,,7331.33056640625,146.149641201
,3548.72119140625,,7986.0,,,41.0,164.0,,,,,,,,,,4.395064830780029,,,,,,,,,,,,0.81640625,,-5.59375,0.75,,7986.0,,1.2299999999999999e-05,,0.458984375,,,1775632265.4266553,,,,,,-4.75,,41,,7331.33056640625,149.59221563
,3596.02880859375,,7986.0,,,42.0,168.0,,,,,,,,,,5.0205078125,,,,,,,,,,,,0.18359375,,-5.25,0.625,,7986.0,,1.26e-05,,0.7109375,,,1775632268.869149,,,,,,-5.0625,,42,,7331.33056640625,153.160961853
,3557.8310546875,,7986.0,,,43.0,172.0,,,,,,,,,,6.3235955238342285,,,,,,,,,,,,0.76171875,,-5.875,0.75,,7986.0,,1.29e-05,,0.46484375,,,1775632272.4379184,,,,,,-5.09375,,43,,7331.33056640625,156.234918134
,3575.44921875,,7986.0,,,44.0,176.0,,,,,,,,,,5.017890453338623,,,,,,,,,,,,0.37109375,,-5.71875,0.375,,7986.0,,1.32e-05,,0.66015625,,,1775632275.5115826,,,,,,-5.34375,,44,,7331.33056640625,160.416189892
,3609.85888671875,,7986.0,,,45.0,180.0,,,,,,,,,,3.7765238285064697,,,,,,,,,,,,0.75,,-5.5625,1.0,,7986.0,,1.3500000000000001e-05,,0.419921875,,,1775632279.6932242,,,,,,-4.8125,,45,,7331.33056640625,163.145138456
,3538.21337890625,,7986.0,,,46.0,184.0,,,,,,,,,,3.636606454849243,,,,,,,,,,,,0.625,,-5.875,0.625,,7986.0,,1.3800000000000002e-05,,0.51953125,,,1775632282.421904,,,,,,-5.25,,46,,7331.33056640625,165.924434957
,3539.38232421875,,7986.0,,,47.0,188.0,,,,,,,,,,4.260696887969971,,,,,,,,,,,,0.36328125,,-5.375,0.625,,7986.0,,1.4099999999999999e-05,,0.64453125,,,1775632285.2013872,,,,,,-5.0,,47,,7331.33056640625,169.582840124
,3626.99951171875,,8634.0,,,48.0,192.0,,,,,,,,,,4.064449310302734,,,,,,,,,,,,0.68359375,,-5.875,0.75,,8634.0,,1.44e-05,,0.490234375,,,1775632288.8598204,,,,,,-5.21875,,48,,7572.5634765625,172.795233637
,3550.46728515625,,8634.0,,,49.0,196.0,,,,,,,,,,6.271668910980225,,,,,,,,,,,,0.84765625,,-6.3125,0.75,,8634.0,,1.47e-05,,0.50390625,,,1775632292.072153,,,,,,-5.4375,,49,,7572.5634765625,175.621664701
0.62109375,3543.61376953125,-5.65625,8634.0,,,50.0,200.0,,,,,0.46875,,,,,3.5071239471435547,50.0,,,,,,,-5.1875,,1.1015625,,0.1171875,,-4.90625,0.5,,8634.0,,1.5e-05,,0.65234375,,,1775632303.249967,,,,,256.0,-4.78125,,50,,7572.5634765625,187.78469947
,3576.0986328125,,8634.0,,,51.0,204.0,,,,,,,,,,6.483675956726074,,,,,,,,,,,,0.4609375,,-5.6875,0.625,,8634.0,,1.53e-05,,0.578125,,,1775632307.0617387,,,,,,-5.25,,51,,7572.5634765625,190.633020423
,3549.9189453125,,8634.0,,,52.0,208.0,,,,,,,,,,5.492365837097168,,,,,,,,,,,,-0.265625,,-5.0625,0.375,,8634.0,,1.56e-05,,0.85546875,,,1775632309.9097476,,,,,,-5.3125,,52,,7572.5634765625,193.169798426
,3549.609375,,8634.0,,,53.0,212.0,,,,,,,,,,3.249847650527954,,,,,,,,,,,,1.15625,,-6.25,1.0,,8634.0,,1.59e-05,,0.34375,,,1775632312.4467173,,,,,,-5.09375,,53,,7572.5634765625,196.164027848
,3552.0341796875,,8634.0,,,54.0,216.0,,,,,,,,,,3.9814064502716064,,,,,,,,,,,,1.09375,,-6.21875,1.0,,8634.0,,1.62e-05,,0.390625,,,1775632315.440961,,,,,,-5.125,,54,,7572.5634765625,199.497787081
,3595.24365234375,,8634.0,,,55.0,220.0,,,,,,,,,,7.321234703063965,,,,,,,,,,,,0.9375,,-6.3125,0.375,,8634.0,,1.65e-05,,0.6015625,,,1775632318.7748103,,,,,,-5.375,,55,,7572.5634765625,203.140020252
,3548.4296875,,9286.0,,,56.0,224.0,,,,,,,,,,4.946632385253906,,,,,,,,,,,,0.47265625,,-5.5,0.625,,9286.0,,1.6800000000000002e-05,,0.63671875,,,1775632322.4167593,,,,,,-5.03125,,56,,7597.865234375,206.949551543
,3551.8212890625,,9286.0,,,57.0,228.0,,,,,,,,,,5.413665294647217,,,,,,,,,,,,0.3984375,,-5.84375,0.375,,9286.0,,1.71e-05,,0.64453125,,,1775632326.2265723,,,,,,-5.46875,,57,,7597.865234375,209.637556003
,3543.04052734375,,9286.0,,,58.0,232.0,,,,,,,,,,4.2204694747924805,,,,,,,,,,,,0.69921875,,-6.5,0.75,,9286.0,,1.74e-05,,0.470703125,,,1775632328.9144983,,,,,,-5.78125,,58,,7597.865234375,212.623998413
,3534.4970703125,,9286.0,,,59.0,236.0,,,,,,,,,,4.933561325073242,,,,,,,,,,,,0.4375,,-6.125,0.625,,9286.0,,1.77e-05,,0.62109375,,,1775632331.9009109,,,,,,-5.6875,,59,,7597.865234375,216.217668069
,3584.61376953125,,9286.0,,,60.0,240.0,,,,,,,,,,5.941330432891846,,,,,,,,,,,,0.4765625,,-5.4375,0.625,,9286.0,,1.8e-05,,0.54296875,,,1775632335.4944885,,,,,,-4.96875,,60,,7597.865234375,219.634133125
,3576.03271484375,,9286.0,,,61.0,244.0,,,,,,,,,,4.181651592254639,,,,,,,,,,,,0.15625,,-5.15625,0.375,,9286.0,,1.83e-05,,0.68359375,,,1775632338.9110413,,,,,,-5.0,,61,,7597.865234375,222.318584048
,3549.1708984375,,9286.0,,,62.0,248.0,,,,,,,,,,3.595022439956665,,,,,,,,,,,,0.67578125,,-5.8125,0.625,,9286.0,,1.86e-05,,0.578125,,,1775632341.5950882,,,,,,-5.125,,62,,7597.865234375,225.729027842
,3555.67431640625,,9286.0,,,63.0,252.0,,,,,,,,,,5.0823588371276855,,,,,,,,,,,,0.67578125,,-5.8125,0.875,,9286.0,,1.8900000000000002e-05,,0.4609375,,,1775632345.0060287,,,,,,-5.125,,63,,7597.865234375,228.607366609
,3534.98193359375,,9286.0,,,64.0,256.0,,,,,,,,,,4.131654262542725,,,,,,,,,,,,0.73828125,,-5.8125,0.875,,9286.0,,1.9200000000000003e-05,,0.498046875,,,1775632347.8844104,,,,,,-5.09375,,64,,7597.865234375,231.596287919
,3551.5087890625,,9286.0,,,65.0,260.0,,,,,,,,,,4.5340895652771,,,,,,,,,,,,0.166015625,,-5.46875,0.375,,9286.0,,1.95e-05,,0.7421875,,,1775632350.8730175,,,,,,-5.3125,,65,,7597.865234375,234.279598297
,3552.7666015625,,9286.0,,,66.0,264.0,,,,,,,,,,4.320690155029297,,,,,,,,,,,,1.046875,,-5.96875,0.875,,9286.0,,1.98e-05,,0.359375,,,1775632353.5565765,,,,,,-4.9375,,66,,7597.865234375,238.015052952
,3567.96875,,9286.0,,,67.0,268.0,,,,,,,,,,3.8795571327209473,,,,,,,,,,,,0.796875,,-5.78125,0.875,,9286.0,,2.01e-05,,0.462890625,,,1775632357.2920253,,,,,,-5.0,,67,,7597.865234375,240.691918307
,3540.90966796875,,9286.0,,,68.0,272.0,,,,,,,,,,4.625996112823486,,,,,,,,,,,,0.953125,,-5.9375,0.5,,9286.0,,2.04e-05,,0.54296875,,,1775632359.968852,,,,,,-5.0,,68,,7597.865234375,244.628987139
,3590.3447265625,,9286.0,,,69.0,276.0,,,,,,,,,,4.532063007354736,,,,,,,,,,,,0.98046875,,-5.90625,0.875,,9286.0,,2.07e-05,,0.54296875,,,1775632363.9055283,,,,,,-4.9375,,69,,7597.865234375,248.332126081
,3567.0859375,,9946.0,,,70.0,280.0,,,,,,,,,,3.8294966220855713,,,,,,,,,,,,0.89453125,,-5.90625,0.875,,9946.0,,2.1e-05,,0.435546875,,,1775632367.609028,,,,,,-5.0,,70,,7652.24755859375,251.854565498
,3575.09765625,,9946.0,,,71.0,284.0,,,,,,,,,,3.5782740116119385,,,,,,,,,,,,1.8828125,,-6.75,1.0,,9946.0,,2.13e-05,,0.25390625,,,1775632371.13144,,,,,,-4.875,,71,,7652.24755859375,255.020261923
,3590.11181640625,,9946.0,,,72.0,288.0,,,,,,,,,,4.615708827972412,,,,,,,,,,,,0.1171875,,-5.1875,0.5,,9946.0,,2.16e-05,,0.671875,,,1775632374.2971003,,,,,,-5.0625,,72,,7652.24755859375,258.504362081
,3566.7958984375,,9946.0,,,73.0,292.0,,,,,,,,,,4.372663974761963,,,,,,,,,,,,1.03125,,-6.0,0.875,,9946.0,,2.19e-05,,0.4296875,,,1775632377.7813525,,,,,,-4.96875,,73,,7652.24755859375,262.166441466
,3556.22314453125,,9946.0,,,74.0,296.0,,,,,,,,,,4.478588581085205,,,,,,,,,,,,1.84375,,-6.4375,0.75,,9946.0,,2.22e-05,,0.275390625,,,1775632381.4430952,,,,,,-4.59375,,74,,7652.24755859375,265.552906001
0.64453125,3557.92822265625,-5.21875,9946.0,,,75.0,300.0,,,,,0.58203125,,,,,4.125565052032471,75.0,,,,,,,-4.65625,,1.1953125,,0.9921875,,-5.75,0.75,,9946.0,,2.25e-05,,0.4375,,,1775632393.2443192,,,,,256.0,-4.75,,75,,7652.24755859375,277.214785914
,3543.7744140625,,9946.0,,,76.0,304.0,,,,,,,,,,4.156565189361572,,,,,,,,,,,,1.7421875,,-6.1875,0.875,,9946.0,,2.2800000000000002e-05,,0.31640625,,,1775632396.491328,,,,,,-4.4375,,76,,7652.24755859375,280.357448213
,3585.9345703125,,9948.0,,,77.0,308.0,,,,,,,,,,4.548928260803223,,,,,,,,,,,,0.5546875,,-5.09375,0.75,,9948.0,,2.3100000000000002e-05,,0.51171875,,,1775632399.634387,,,,,,-4.53125,,77,,7652.24755859375,283.636821348
,3553.5458984375,,9948.0,,,78.0,312.0,,,,,,,,,,6.107746124267578,,,,,,,,,,,,0.26171875,,-4.5,0.625,,9948.0,,2.3400000000000003e-05,,0.59765625,,,1775632402.9138784,,,,,,-4.21875,,78,,7652.24755859375,287.011397681
,3548.43896484375,,9948.0,,,79.0,316.0,,,,,,,,,,4.183059215545654,,,,,,,,,,,,0.890625,,-5.28125,0.875,,9948.0,,2.37e-05,,0.50390625,,,1775632406.2884326,,,,,,-4.40625,,79,,7652.24755859375,289.78920182
,3556.52392578125,,9948.0,,,80.0,320.0,,,,,,,,,,4.431227207183838,,,,,,,,,,,,0.62890625,,-5.59375,0.75,,9948.0,,2.4e-05,,0.51953125,,,1775632409.0658486,,,,,,-4.96875,,80,,7652.24755859375,292.472850832
,3550.19677734375,,9948.0,,,81.0,324.0,,,,,,,,,,4.167759895324707,,,,,,,,,,,,2.375,,-6.25,0.75,,9948.0,,2.43e-05,,0.345703125,,,1775632411.7496476,,,,,,-3.875,,81,,7652.24755859375,295.138547103
,3543.28857421875,,9948.0,,,82.0,328.0,,,,,,,,,,3.729114294052124,,,,,,,,,,,,0.64453125,,-5.21875,0.5,,9948.0,,2.4599999999999998e-05,,0.63671875,,,1775632414.415581,,,,,,-4.59375,,82,,7652.24755859375,298.797708085
,3550.07958984375,,9948.0,,,83.0,332.0,,,,,,,,,,4.917220592498779,,,,,,,,,,,,1.109375,,-5.3125,0.875,,9948.0,,2.49e-05,,0.466796875,,,1775632418.074608,,,,,,-4.21875,,83,,7652.24755859375,301.916026192
,3551.39990234375,,9948.0,,,84.0,336.0,,,,,,,,,,5.1282196044921875,,,,,,,,,,,,1.921875,,-6.53125,0.875,,9948.0,,2.52e-05,,0.345703125,,,1775632421.1930125,,,,,,-4.59375,,84,,7652.24755859375,304.746759785
,3559.125,,9948.0,,,85.0,340.0,,,,,,,,,,4.720118999481201,,,,,,,,,,,,0.44921875,,-5.0,0.625,,9948.0,,2.55e-05,,0.55859375,,,1775632424.0234935,,,,,,-4.5625,,85,,7652.24755859375,307.620938572
,3553.994140625,,9948.0,,,86.0,344.0,,,,,,,,,,4.3541154861450195,,,,,,,,,,,,1.1171875,,-5.125,0.75,,9948.0,,2.58e-05,,0.4765625,,,1775632426.897832,,,,,,-4.0,,86,,7652.24755859375,310.602352311
,3554.99658203125,,9948.0,,,87.0,348.0,,,,,,,,,,4.900654315948486,,,,,,,,,,,,0.9375,,-5.0625,0.75,,9948.0,,2.61e-05,,0.48828125,,,1775632429.8794456,,,,,,-4.125,,87,,7652.24755859375,314.573463805
,3567.35498046875,,9948.0,,,88.0,352.0,,,,,,,,,,4.067673206329346,,,,,,,,,,,,2.109375,,-6.875,0.625,,9948.0,,2.64e-05,,0.41796875,,,1775632433.8501942,,,,,,-4.75,,88,,7652.24755859375,317.401660055
,3560.12451171875,,9948.0,,,89.0,356.0,,,,,,,,,,4.6877570152282715,,,,,,,,,,,,1.390625,,-4.96875,0.875,,9948.0,,2.6700000000000002e-05,,0.341796875,,,1775632436.6786077,,,,,,-3.578125,,89,,7652.24755859375,320.24692116
,3543.23681640625,,9948.0,,,90.0,360.0,,,,,,,,,,4.486582279205322,,,,,,,,,,,,0.314453125,,-4.6875,0.625,,9948.0,,2.7000000000000002e-05,,0.59375,,,1775632439.5237877,,,,,,-4.375,,90,,7652.24755859375,323.691707982
,3544.09228515625,,9948.0,,,91.0,364.0,,,,,,,,,,5.911560535430908,,,,,,,,,,,,0.9375,,-4.78125,0.625,,9948.0,,2.7300000000000003e-05,,0.5625,,,1775632442.9686353,,,,,,-3.859375,,91,,7652.24755859375,326.745321619
,3576.06005859375,,9948.0,,,92.0,368.0,,,,,,,,,,5.647246360778809,,,,,,,,,,,,1.265625,,-5.03125,0.5,,9948.0,,2.7600000000000003e-05,,0.59765625,,,1775632446.0223937,,,,,,-3.765625,,92,,7652.24755859375,330.095934154
,3551.57373046875,,9948.0,,,93.0,372.0,,,,,,,,,,6.655345439910889,,,,,,,,,,,,1.109375,,-4.28125,0.625,,9948.0,,2.79e-05,,0.65625,,,1775632449.3730042,,,,,,-3.171875,,93,,7652.24755859375,333.886398602
,3547.98486328125,,9948.0,,,94.0,376.0,,,,,,,,,,5.203330993652344,,,,,,,,,,,,1.6875,,-4.375,1.0,,9948.0,,2.8199999999999998e-05,,0.298828125,,,1775632453.1632814,,,,,,-2.6875,,94,,7652.24755859375,337.178143724
,3543.17431640625,,9948.0,,,95.0,380.0,,,,,,,,,,4.721149921417236,,,,,,,,,,,,1.7578125,,-4.5625,0.875,,9948.0,,2.8499999999999998e-05,,0.376953125,,,1775632456.4545877,,,,,,-2.78125,,95,,7652.24755859375,340.307035774
,3529.86572265625,,9948.0,,,96.0,384.0,,,,,,,,,,4.6884446144104,,,,,,,,,,,,1.046875,,-4.34375,0.75,,9948.0,,2.88e-05,,0.494140625,,,1775632459.5839438,,,,,,-3.296875,,96,,7652.24755859375,343.260228791
,3583.0751953125,,9948.0,,,97.0,388.0,,,,,,,,,,3.8308162689208984,,,,,,,,,,,,1.515625,,-4.625,0.875,,9948.0,,2.91e-05,,0.375,,,1775632462.5372226,,,,,,-3.109375,,97,,7652.24755859375,346.855232067
,3576.2197265625,,9948.0,,,98.0,392.0,,,,,,,,,,4.011097431182861,,,,,,,,,,,,1.2890625,,-4.09375,0.75,,9948.0,,2.94e-05,,0.42578125,,,1775632466.1322088,,,,,,-2.8125,,98,,7652.24755859375,350.040470527
,3547.60791015625,,9948.0,,,99.0,396.0,,,,,,,,,,4.218561172485352,,,,,,,,,,,,1.171875,,-4.75,1.0,,9948.0,,2.97e-05,,0.38671875,,,1775632469.317343,,,,,,-3.59375,,99,,7652.24755859375,353.236541837
0.68359375,3559.97900390625,-4.1875,9948.0,,,100.0,400.0,,,,,0.859375,,,,,4.907052993774414,100.0,,,,,,,-3.328125,,1.5234375,,0.5078125,,-4.0625,0.75,,9948.0,,3e-05,,0.625,,,1775632480.722148,,,,,256.0,-3.5625,,100,,7652.24755859375,364.6982606
,3563.82568359375,,9948.0,,,101.0,404.0,,,,,,,,,,5.0450921058654785,,,,,,,,,,,,0.490234375,,-3.78125,0.75,,9948.0,,3e-05,,0.62109375,,,1775632483.9751093,,,,,,-3.28125,,101,,7652.24755859375,367.529846899
,3550.8056640625,,9948.0,,,102.0,408.0,,,,,,,,,,3.9000308513641357,,,,,,,,,,,,0.62109375,,-3.34375,0.5,,9948.0,,3e-05,,0.5390625,,,1775632486.806719,,,,,,-2.71875,,102,,7652.24755859375,370.760800352
,3600.98291015625,,9948.0,,,103.0,412.0,,,,,,,,,,3.3351759910583496,,,,,,,,,,,,0.328125,,-3.84375,0.625,,9948.0,,3e-05,,0.6328125,,,1775632490.037833,,,,,,-3.5,,103,,7652.24755859375,373.652984899
,3540.85693359375,,9948.0,,,104.0,416.0,,,,,,,,,,3.9673523902893066,,,,,,,,,,,,0.435546875,,-3.4375,0.625,,9948.0,,3e-05,,0.64453125,,,1775632492.9295962,,,,,,-3.0,,104,,7652.24755859375,376.311636497
,3546.21337890625,,9948.0,,,105.0,420.0,,,,,,,,,,3.7592673301696777,,,,,,,,,,,,0.107421875,,-3.1875,0.75,,9948.0,,3e-05,,0.6875,,,1775632495.5886915,,,,,,-3.078125,,105,,7652.24755859375,379.747315935
,3549.77880859375,,9948.0,,,106.0,424.0,,,,,,,,,,4.3405070304870605,,,,,,,,,,,,0.3828125,,-3.828125,0.5,,9948.0,,3e-05,,0.6015625,,,1775632499.0241935,,,,,,-3.4375,,106,,7652.24755859375,382.955864076
,3543.93408203125,,9948.0,,,107.0,428.0,,,,,,,,,,4.496625900268555,,,,,,,,,,,,1.078125,,-3.96875,0.625,,9948.0,,3e-05,,0.451171875,,,1775632502.2328687,,,,,,-2.890625,,107,,7652.24755859375,386.329077118
,3551.71484375,,9948.0,,,108.0,432.0,,,,,,,,,,5.233240127563477,,,,,,,,,,,,1.28125,,-4.53125,0.625,,9948.0,,3e-05,,0.6484375,,,1775632505.6060023,,,,,,-3.25,,108,,7652.24755859375,390.176033478
,3549.775390625,,9948.0,,,109.0,436.0,,,,,,,,,,4.037446975708008,,,,,,,,,,,,0.87890625,,-3.578125,0.75,,9948.0,,3e-05,,0.609375,,,1775632509.4531631,,,,,,-2.703125,,109,,7652.24755859375,393.351677175
,3591.21826171875,,9948.0,,,110.0,440.0,,,,,,,,,,4.308592796325684,,,,,,,,,,,,0.51171875,,-4.0,0.5,,9948.0,,3e-05,,0.74609375,,,1775632512.6286206,,,,,,-3.484375,,110,,7652.24755859375,396.275922783
,3548.5517578125,,9948.0,,,111.0,444.0,,,,,,,,,,5.441998481750488,,,,,,,,,,,,0.26953125,,-3.828125,0.5,,9948.0,,3e-05,,0.7890625,,,1775632515.5527499,,,,,,-3.5625,,111,,7652.24755859375,399.275831689
,3548.72119140625,,9948.0,,,112.0,448.0,,,,,,,,,,4.592806339263916,,,,,,,,,,,,1.2421875,,-4.375,0.625,,9948.0,,3e-05,,0.48828125,,,1775632518.5528681,,,,,,-3.140625,,112,,7652.24755859375,402.523305354
,3551.07080078125,,9948.0,,,113.0,452.0,,,,,,,,,,3.7770092487335205,,,,,,,,,,,,0.466796875,,-3.890625,0.625,,9948.0,,3e-05,,0.640625,,,1775632521.8003888,,,,,,-3.421875,,113,,7652.24755859375,405.469262402
,3558.95751953125,,9948.0,,,114.0,456.0,,,,,,,,,,4.015107154846191,,,,,,,,,,,,2.109375,,-5.0,0.75,,9948.0,,3e-05,,0.37109375,,,1775632524.7458735,,,,,,-2.90625,,114,,7652.24755859375,408.471383098
,3550.8974609375,,9948.0,,,115.0,460.0,,,,,,,,,,3.5405521392822266,,,,,,,,,,,,2.109375,,-4.40625,1.0,,9948.0,,3e-05,,0.2099609375,,,1775632527.7483845,,,,,,-2.3125,,115,,7652.24755859375,411.10697822
,3547.48876953125,,9948.0,,,116.0,464.0,,,,,,,,,,4.869227409362793,,,,,,,,,,,,0.828125,,-4.0625,0.75,,9948.0,,3e-05,,0.5078125,,,1775632530.383805,,,,,,-3.234375,,116,,7652.24755859375,413.935478171
,3547.8623046875,,9948.0,,,117.0,468.0,,,,,,,,,,5.4204511642456055,,,,,,,,,,,,-0.2001953125,,-3.0,0.25,,9948.0,,3e-05,,0.83203125,,,1775632533.2124975,,,,,,-3.203125,,117,,7652.24755859375,416.853858262
,3550.1435546875,,9948.0,,,118.0,472.0,,,,,,,,,,5.632885456085205,,,,,,,,,,,,0.81640625,,-4.78125,0.75,,9948.0,,3e-05,,0.466796875,,,1775632536.130874,,,,,,-3.96875,,118,,7652.24755859375,420.323805038
,3553.4541015625,,9948.0,,,119.0,476.0,,,,,,,,,,4.139420032501221,,,,,,,,,,,,2.640625,,-6.28125,0.875,,9948.0,,3e-05,,0.21484375,,,1775632539.600859,,,,,,-3.625,,119,,7652.24755859375,423.029682323
,3551.5654296875,,9948.0,,,120.0,480.0,,,,,,,,,,5.4751877784729,,,,,,,,,,,,0.85546875,,-3.53125,0.875,,9948.0,,3e-05,,0.453125,,,1775632542.3067129,,,,,,-2.6875,,120,,7652.24755859375,426.447394557
,3559.20947265625,,9948.0,,,121.0,484.0,,,,,,,,,,5.381798267364502,,,,,,,,,,,,1.0703125,,-4.21875,0.75,,9948.0,,3e-05,,0.494140625,,,1775632545.724408,,,,,,-3.15625,,121,,7652.24755859375,429.483618299
,3552.66357421875,,9948.0,,,122.0,488.0,,,,,,,,,,4.6599836349487305,,,,,,,,,,,,1.4296875,,-4.65625,0.625,,9948.0,,3e-05,,0.62109375,,,1775632548.7606711,,,,,,-3.234375,,122,,7652.24755859375,433.754215052
,3582.71044921875,,9948.0,,,123.0,492.0,,,,,,,,,,3.526716470718384,,,,,,,,,,,,2.75,,-5.125,0.875,,9948.0,,3e-05,,0.345703125,,,1775632553.031256,,,,,,-2.390625,,123,,7652.24755859375,437.350923688
,3566.95849609375,,10612.0,,,124.0,496.0,,,,,,,,,,4.715755462646484,,,,,,,,,,,,0.55078125,,-2.390625,0.625,,10612.0,,3e-05,,0.52734375,,,1775632556.6279855,,,,,,-1.8359375,,124,,7682.9228515625,440.178212128
0.7265625,3554.09716796875,-3.390625,10612.0,,,125.0,500.0,,,,,1.1640625,,,,,4.464669227600098,125.0,,,,,,,-2.21875,,1.84375,,0.369140625,,-1.9375,0.5,,10612.0,,3e-05,,0.671875,,,1775632568.0085554,,,,,256.0,-1.5703125,,125,,7682.9228515625,451.853054517
,3550.279296875,,10612.0,,,126.0,504.0,,,,,,,,,,5.157643795013428,,,,,,,,,,,,1.0625,,-3.4375,0.625,,10612.0,,3e-05,,0.62109375,,,1775632571.129968,,,,,,-2.375,,126,,7682.9228515625,454.979200147
,3556.857421875,,10612.0,,,127.0,508.0,,,,,,,,,,3.401329517364502,,,,,,,,,,,,0.376953125,,-2.75,0.625,,10612.0,,3e-05,,0.76953125,,,1775632574.2561648,,,,,,-2.375,,127,,7682.9228515625,457.741526586
,3551.62744140625,,10612.0,,,128.0,512.0,,,,,,,,,,3.7754111289978027,,,,,,,,,,,,1.171875,,-2.703125,0.75,,10612.0,,3e-05,,0.384765625,,,1775632577.0184596,,,,,,-1.5234375,,128,,7682.9228515625,462.116590556
,3589.01416015625,,10612.0,,,129.0,516.0,,,,,,,,,,3.4567463397979736,,,,,,,,,,,,1.140625,,-3.515625,0.75,,10612.0,,3e-05,,0.6171875,,,1775632581.3934224,,,,,,-2.375,,129,,7682.9228515625,464.911319142
,3554.95947265625,,10612.0,,,130.0,520.0,,,,,,,,,,4.096780300140381,,,,,,,,,,,,1.953125,,-4.875,0.875,,10612.0,,3e-05,,0.419921875,,,1775632584.1878006,,,,,,-2.921875,,130,,7682.9228515625,468.146915023
,3579.23974609375,,10612.0,,,131.0,524.0,,,,,,,,,,3.858652353286743,,,,,,,,,,,,2.421875,,-4.625,0.875,,10612.0,,3e-05,,0.2373046875,,,1775632587.423713,,,,,,-2.21875,,131,,7682.9228515625,470.909867591
,3547.330078125,,10612.0,,,132.0,528.0,,,,,,,,,,3.665015697479248,,,,,,,,,,,,1.640625,,-3.234375,0.75,,10612.0,,3e-05,,0.49609375,,,1775632590.186909,,,,,,-1.5859375,,132,,7682.9228515625,474.092734737
,3564.05615234375,,10612.0,,,133.0,532.0,,,,,,,,,,3.5405356884002686,,,,,,,,,,,,-0.390625,,-2.078125,0.25,,10612.0,,3e-05,,1.015625,,,1775632593.369751,,,,,,-2.46875,,133,,7682.9228515625,477.394943908
,3595.09912109375,,10612.0,,,134.0,536.0,,,,,,,,,,4.339096546173096,,,,,,,,,,,,2.0625,,-4.25,1.0,,10612.0,,3e-05,,0.2578125,,,1775632596.6719785,,,,,,-2.203125,,134,,7682.9228515625,480.291200445
,3546.81005859375,,10612.0,,,135.0,540.0,,,,,,,,,,4.513387680053711,,,,,,,,,,,,0.8125,,-3.15625,0.625,,10612.0,,3e-05,,0.55078125,,,1775632599.5681832,,,,,,-2.34375,,135,,7682.9228515625,483.730290376
,3561.6533203125,,10612.0,,,136.0,544.0,,,,,,,,,,3.5251898765563965,,,,,,,,,,,,1.5703125,,-3.53125,0.75,,10612.0,,3e-05,,0.490234375,,,1775632603.007123,,,,,,-1.9609375,,136,,7682.9228515625,487.486074732
,3548.87744140625,,10612.0,,,137.0,548.0,,,,,,,,,,3.948059558868408,,,,,,,,,,,,2.171875,,-3.34375,0.875,,10612.0,,3e-05,,0.302734375,,,1775632606.7630444,,,,,,-1.171875,,137,,7682.9228515625,490.565808324
,3557.169921875,,10612.0,,,138.0,552.0,,,,,,,,,,4.606379985809326,,,,,,,,,,,,1.5078125,,-3.265625,0.875,,10612.0,,3e-05,,0.5078125,,,1775632609.8427706,,,,,,-1.75,,138,,7682.9228515625,493.74487524
,3541.505859375,,10612.0,,,139.0,556.0,,,,,,,,,,3.8259825706481934,,,,,,,,,,,,1.2109375,,-2.1875,0.75,,10612.0,,3e-05,,0.57421875,,,1775632613.0217736,,,,,,-0.9765625,,139,,7682.9228515625,497.54928632
,3570.84619140625,,10612.0,,,140.0,560.0,,,,,,,,,,3.673306941986084,,,,,,,,,,,,1.0703125,,-2.65625,0.625,,10612.0,,3e-05,,0.61328125,,,1775632616.826226,,,,,,-1.5859375,,140,,7682.9228515625,500.573439044
,3558.421875,,10612.0,,,141.0,564.0,,,,,,,,,,3.839808702468872,,,,,,,,,,,,2.421875,,-3.453125,0.625,,10612.0,,3e-05,,0.470703125,,,1775632619.850461,,,,,,-1.03125,,141,,7682.9228515625,503.61727414
,3553.32568359375,,10612.0,,,142.0,568.0,,,,,,,,,,4.220652103424072,,,,,,,,,,,,1.4140625,,-1.7109375,0.875,,10612.0,,3e-05,,0.3984375,,,1775632622.8943317,,,,,,-0.298828125,,142,,7682.9228515625,507.099974571
,3539.64404296875,,10612.0,,,143.0,572.0,,,,,,,,,,4.916666030883789,,,,,,,,,,,,0.232421875,,-2.015625,0.5,,10612.0,,3e-05,,0.7109375,,,1775632626.3768926,,,,,,-1.7890625,,143,,7682.9228515625,510.614297731
,3566.53466796875,,10612.0,,,144.0,576.0,,,,,,,,,,7.350010395050049,,,,,,,,,,,,1.3984375,,-1.8671875,1.0,,10612.0,,3e-05,,0.32421875,,,1775632629.8909578,,,,,,-0.47265625,,144,,7682.9228515625,513.375805849
,3536.76123046875,,10612.0,,,145.0,580.0,,,,,,,,,,4.925351619720459,,,,,,,,,,,,1.1640625,,-1.828125,0.875,,10612.0,,3e-05,,0.5,,,1775632632.6528158,,,,,,-0.66015625,,145,,7682.9228515625,516.224741077
,3551.97412109375,,10612.0,,,146.0,584.0,,,,,,,,,,4.004749774932861,,,,,,,,,,,,1.375,,-2.328125,0.75,,10612.0,,3e-05,,0.5234375,,,1775632635.501806,,,,,,-0.9453125,,146,,7682.9228515625,519.133284675
,3550.83984375,,10612.0,,,147.0,588.0,,,,,,,,,,4.385743141174316,,,,,,,,,,,,0.84375,,-1.5703125,0.625,,10612.0,,3e-05,,0.97265625,,,1775632638.4100454,,,,,,-0.72265625,,147,,7682.9228515625,522.294734746
,3571.146484375,,10612.0,,,148.0,592.0,,,,,,,,,,4.056280136108398,,,,,,,,,,,,0.2734375,,-1.265625,0.375,,10612.0,,3e-05,,0.77734375,,,1775632641.5717385,,,,,,-0.99609375,,148,,7682.9228515625,525.525935173
,3547.48193359375,,10612.0,,,149.0,596.0,,,,,,,,,,3.8951714038848877,,,,,,,,,,,,0.828125,,-1.0625,0.875,,10612.0,,3e-05,,0.427734375,,,1775632644.7689283,,,,,,-0.23828125,,149,,7682.9228515625,528.538865549
0.765625,3548.16552734375,-2.5625,10612.0,,,150.0,600.0,,,,,1.125,,,,,3.991565227508545,150.0,,,,,,,-1.4375,,1.5625,,2.265625,,-3.0,0.875,,10612.0,,3e-05,,0.20703125,,,1775632656.2560575,,,,,256.0,-0.7421875,,150,,7682.9228515625,540.999632832
,3602.63037109375,,10612.0,,,151.0,604.0,,,,,,,,,,3.6768922805786133,,,,,,,,,,,,0.8203125,,-1.78125,0.75,,10612.0,,3e-05,,0.5546875,,,1775632660.276527,,,,,,-0.9609375,,151,,7682.9228515625,544.513700834
,3572.9814453125,,10612.0,,,152.0,608.0,,,,,,,,,,3.3820314407348633,,,,,,,,,,,,2.84375,,-5.1875,0.875,,10612.0,,3e-05,,0.24609375,,,1775632663.7906818,,,,,,-2.359375,,152,,7682.9228515625,547.69834068
,3578.39208984375,,10612.0,,,153.0,612.0,,,,,,,,,,3.390557289123535,,,,,,,,,,,,1.3984375,,-2.421875,1.0,,10612.0,,3e-05,,0.28125,,,1775632666.9753304,,,,,,-1.0234375,,153,,7682.9228515625,550.464739736
,3578.4990234375,,10620.0,,,154.0,616.0,,,,,,,,,,3.9487197399139404,,,,,,,,,,,,1.84375,,-3.890625,0.75,,10620.0,,3e-05,,0.322265625,,,1775632669.7417357,,,,,,-2.046875,,154,,7682.9228515625,554.511298181
,3595.27880859375,,10620.0,,,155.0,620.0,,,,,,,,,,5.18449592590332,,,,,,,,,,,,2.609375,,-4.3125,0.75,,10620.0,,3e-05,,0.318359375,,,1775632673.7881896,,,,,,-1.6953125,,155,,7682.9228515625,558.42178385
,3567.26123046875,,10620.0,,,156.0,624.0,,,,,,,,,,6.470329284667969,,,,,,,,,,,,2.203125,,-4.96875,0.625,,10620.0,,3e-05,,0.4296875,,,1775632677.69866,,,,,,-2.765625,,156,,7682.9228515625,561.70321751
,3587.1865234375,,10620.0,,,157.0,628.0,,,,,,,,,,5.009322166442871,,,,,,,,,,,,1.390625,,-3.078125,1.0,,10620.0,,3e-05,,0.2734375,,,1775632680.979981,,,,,,-1.6953125,,157,,7682.9228515625,564.919647263
,3549.962890625,,10620.0,,,158.0,632.0,,,,,,,,,,4.183518886566162,,,,,,,,,,,,2.515625,,-5.375,1.0,,10620.0,,3e-05,,0.14453125,,,1775632684.196621,,,,,,-2.84375,,158,,7682.9228515625,568.256038706
,3560.02783203125,,10620.0,,,159.0,636.0,,,,,,,,,,6.218374729156494,,,,,,,,,,,,0.341796875,,-4.375,0.5,,10620.0,,3e-05,,0.97265625,,,1775632687.5322459,,,,,,-4.0625,,159,,7682.9228515625,571.243390046
,3551.93359375,,10620.0,,,160.0,640.0,,,,,,,,,,4.422623157501221,,,,,,,,,,,,2.59375,,-3.890625,1.0,,10620.0,,3e-05,,0.25,,,1775632690.520363,,,,,,-1.2890625,,160,,7682.9228515625,574.546388928
,3568.24169921875,,10620.0,,,161.0,644.0,,,,,,,,,,5.928328037261963,,,,,,,,,,,,0.89453125,,-2.046875,0.5,,10620.0,,3e-05,,0.73828125,,,1775632693.823329,,,,,,-1.15625,,161,,7682.9228515625,577.616335468
,3532.9501953125,,10620.0,,,162.0,648.0,,,,,,,,,,4.5315141677856445,,,,,,,,,,,,4.09375,,-4.875,1.0,,10620.0,,3e-05,,0.06591796875,,,1775632696.8933218,,,,,,-0.78515625,,162,,7682.9228515625,580.422284943
,3549.720703125,,10620.0,,,163.0,652.0,,,,,,,,,,3.8986363410949707,,,,,,,,,,,,1.8359375,,-4.09375,0.875,,10620.0,,3e-05,,0.341796875,,,1775632699.6991632,,,,,,-2.265625,,163,,7682.9228515625,585.319669804
,3618.20361328125,,10620.0,,,164.0,656.0,,,,,,,,,,6.4338202476501465,,,,,,,,,,,,0.337890625,,-3.84375,0.75,,10620.0,,3e-05,,0.7734375,,,1775632704.5967407,,,,,,-3.515625,,164,,7682.9228515625,588.97942147
,3562.16357421875,,10620.0,,,165.0,660.0,,,,,,,,,,5.158905506134033,,,,,,,,,,,,2.21875,,-4.5625,0.625,,10620.0,,3e-05,,0.55859375,,,1775632708.256224,,,,,,-2.328125,,165,,7682.9228515625,591.394437201
,3545.88720703125,,10620.0,,,166.0,664.0,,,,,,,,,,4.686746597290039,,,,,,,,,,,,2.828125,,-6.0,0.875,,10620.0,,3e-05,,0.27734375,,,1775632710.67152,,,,,,-3.171875,,166,,7682.9228515625,594.392497278
,3548.0107421875,,10620.0,,,167.0,668.0,,,,,,,,,,6.206687927246094,,,,,,,,,,,,0.9765625,,-4.15625,0.875,,10620.0,,3e-05,,0.52734375,,,1775632713.6693888,,,,,,-3.171875,,167,,7682.9228515625,597.37063394
,3560.86328125,,10620.0,,,168.0,672.0,,,,,,,,,,5.236473083496094,,,,,,,,,,,,2.28125,,-5.6875,0.875,,10620.0,,3e-05,,0.30078125,,,1775632716.6476836,,,,,,-3.390625,,168,,7682.9228515625,600.186555608
,3556.60009765625,,10620.0,,,169.0,676.0,,,,,,,,,,5.021419048309326,,,,,,,,,,,,1.78125,,-6.375,0.875,,10620.0,,3e-05,,0.255859375,,,1775632719.4633124,,,,,,-4.59375,,169,,7682.9228515625,603.357275907
,3540.26806640625,,10620.0,,,170.0,680.0,,,,,,,,,,4.2412333488464355,,,,,,,,,,,,3.84375,,-6.125,1.0,,10620.0,,3e-05,,0.07421875,,,1775632722.6342218,,,,,,-2.28125,,170,,7682.9228515625,606.8757912
,3556.37060546875,,10620.0,,,171.0,684.0,,,,,,,,,,5.742884159088135,,,,,,,,,,,,1.9140625,,-5.46875,0.875,,10620.0,,3e-05,,0.27734375,,,1775632726.1527345,,,,,,-3.5625,,171,,7682.9228515625,610.294146798
,3540.2734375,,10620.0,,,172.0,688.0,,,,,,,,,,5.982744216918945,,,,,,,,,,,,0.796875,,-4.25,0.625,,10620.0,,3e-05,,1.03125,,,1775632729.5711417,,,,,,-3.4375,,172,,7682.9228515625,613.645712772
,3551.43017578125,,10620.0,,,173.0,692.0,,,,,,,,,,5.495632648468018,,,,,,,,,,,,2.34375,,-4.34375,1.0,,10620.0,,3e-05,,0.203125,,,1775632732.9222531,,,,,,-1.984375,,173,,7682.9228515625,616.232298479
,3555.7060546875,,10620.0,,,174.0,696.0,,,,,,,,,,5.432837963104248,,,,,,,,,,,,1.3046875,,-3.328125,0.75,,10620.0,,3e-05,,0.36328125,,,1775632735.5093405,,,,,,-2.03125,,174,,7682.9228515625,619.052500858
0.78125,3551.52392578125,-4.40625,10620.0,,,175.0,700.0,,,,,1.8046875,,,,,5.360223293304443,175.0,,,,,,,-2.59375,,2.359375,,4.09375,,-5.90625,0.75,,10620.0,,3e-05,,0.490234375,,,1775632746.817379,,,,,256.0,-1.8125,,175,,7682.9228515625,631.17261525
,3601.13916015625,,10620.0,,,176.0,704.0,,,,,,,,,,4.912971496582031,,,,,,,,,,,,3.265625,,-5.8125,0.875,,10620.0,,3e-05,,0.17578125,,,1775632750.4495325,,,,,,-2.5625,,176,,7682.9228515625,634.421046088
,3541.81494140625,,10620.0,,,177.0,708.0,,,,,,,,,,4.309309482574463,,,,,,,,,,,,1.609375,,-4.75,0.875,,10620.0,,3e-05,,0.396484375,,,1775632753.6981235,,,,,,-3.15625,,177,,7682.9228515625,637.562189744
,3546.1181640625,,10620.0,,,178.0,712.0,,,,,,,,,,4.98417329788208,,,,,,,,,,,,2.796875,,-5.4375,0.875,,10620.0,,3e-05,,0.2294921875,,,1775632756.838989,,,,,,-2.625,,178,,7682.9228515625,640.905834921
,3576.9267578125,,10620.0,,,179.0,716.0,,,,,,,,,,7.058842182159424,,,,,,,,,,,,2.546875,,-6.4375,0.875,,10620.0,,3e-05,,0.455078125,,,1775632760.1827338,,,,,,-3.890625,,179,,7682.9228515625,644.110456408
,3551.74462890625,,10620.0,,,180.0,720.0,,,,,,,,,,6.8694167137146,,,,,,,,,,,,2.1875,,-4.8125,0.625,,10620.0,,3e-05,,0.58203125,,,1775632763.3872364,,,,,,-2.625,,180,,7682.9228515625,647.014675484
,3551.6884765625,,10620.0,,,181.0,724.0,,,,,,,,,,5.804306507110596,,,,,,,,,,,,4.03125,,-6.375,0.875,,10620.0,,3e-05,,0.25390625,,,1775632766.2917032,,,,,,-2.328125,,181,,7682.9228515625,650.392249529
,3551.50146484375,,10620.0,,,182.0,728.0,,,,,,,,,,4.8563151359558105,,,,,,,,,,,,1.25,,-2.828125,0.75,,10620.0,,3e-05,,0.361328125,,,1775632769.6694162,,,,,,-1.5859375,,182,,7682.9228515625,654.360732202
,3549.99853515625,,10620.0,,,183.0,732.0,,,,,,,,,,4.659987449645996,,,,,,,,,,,,3.5625,,-4.4375,1.0,,10620.0,,3e-05,,0.2421875,,,1775632773.6377149,,,,,,-0.86328125,,183,,7682.9228515625,657.285377942
,3550.4453125,,10620.0,,,184.0,736.0,,,,,,,,,,7.620873928070068,,,,,,,,,,,,3.640625,,-4.78125,0.875,,10620.0,,3e-05,,0.5234375,,,1775632776.5622423,,,,,,-1.1328125,,184,,7682.9228515625,660.866176181
,3594.37255859375,,10620.0,,,185.0,740.0,,,,,,,,,,7.296928882598877,,,,,,,,,,,,1.1953125,,-4.15625,0.625,,10620.0,,3e-05,,0.478515625,,,1775632780.1432068,,,,,,-2.96875,,185,,7682.9228515625,665.004332982
,3597.38525390625,,10620.0,,,186.0,744.0,,,,,,,,,,4.684845447540283,,,,,,,,,,,,2.625,,-5.8125,0.875,,10620.0,,3e-05,,0.29296875,,,1775632784.281307,,,,,,-3.1875,,186,,7682.9228515625,667.865299559
,3550.28564453125,,10620.0,,,187.0,748.0,,,,,,,,,,4.229196071624756,,,,,,,,,,,,3.703125,,-7.15625,1.0,,10620.0,,3e-05,,0.083984375,,,1775632787.1421752,,,,,,-3.4375,,187,,7682.9228515625,670.551453741
,3554.83544921875,,10620.0,,,188.0,752.0,,,,,,,,,,5.647047996520996,,,,,,,,,,,,3.484375,,-5.125,1.0,,10620.0,,3e-05,,0.244140625,,,1775632789.8285806,,,,,,-1.6328125,,188,,7682.9228515625,674.29814412
,3605.39208984375,,10620.0,,,189.0,756.0,,,,,,,,,,6.3331451416015625,,,,,,,,,,,,2.796875,,-5.25,0.875,,10620.0,,3e-05,,0.244140625,,,1775632793.5752127,,,,,,-2.46875,,189,,7682.9228515625,677.444538149
,3549.60302734375,,10620.0,,,190.0,760.0,,,,,,,,,,4.419273853302002,,,,,,,,,,,,3.03125,,-4.9375,1.0,,10620.0,,3e-05,,0.1376953125,,,1775632796.721362,,,,,,-1.890625,,190,,7682.9228515625,680.711404546
,3552.58935546875,,10620.0,,,191.0,764.0,,,,,,,,,,6.184175968170166,,,,,,,,,,,,2.796875,,-3.75,1.0,,10620.0,,3e-05,,0.1181640625,,,1775632799.9884264,,,,,,-0.94921875,,191,,7682.9228515625,684.52544126
,3602.62548828125,,10620.0,,,192.0,768.0,,,,,,,,,,6.213767051696777,,,,,,,,,,,,4.875,,-7.1875,0.875,,10620.0,,3e-05,,0.1455078125,,,1775632803.8024185,,,,,,-2.328125,,192,,7682.9228515625,687.240723607
,3549.53857421875,,10620.0,,,193.0,772.0,,,,,,,,,,4.610407829284668,,,,,,,,,,,,3.234375,,-4.6875,0.75,,10620.0,,3e-05,,0.306640625,,,1775632806.5175052,,,,,,-1.4375,,193,,7682.9228515625,690.433438346
,3585.92822265625,,10620.0,,,194.0,776.0,,,,,,,,,,5.84670352935791,,,,,,,,,,,,4.1875,,-5.15625,1.0,,10620.0,,3e-05,,0.1337890625,,,1775632809.71027,,,,,,-0.95703125,,194,,7682.9228515625,693.294546846
,3550.28271484375,,10620.0,,,195.0,780.0,,,,,,,,,,6.371625900268555,,,,,,,,,,,,4.75,,-6.875,0.625,,10620.0,,3e-05,,0.443359375,,,1775632812.5717084,,,,,,-2.125,,195,,7682.9228515625,696.247587737
,3551.220703125,,10620.0,,,196.0,784.0,,,,,,,,,,6.606303691864014,,,,,,,,,,,,2.6875,,-3.796875,0.75,,10620.0,,3e-05,,0.76953125,,,1775632815.5247588,,,,,,-1.1171875,,196,,7682.9228515625,699.366673151
,3560.21923828125,,10620.0,,,197.0,788.0,,,,,,,,,,6.646714687347412,,,,,,,,,,,,3.15625,,-3.640625,1.0,,10620.0,,3e-05,,0.1455078125,,,1775632818.6435375,,,,,,-0.486328125,,197,,7682.9228515625,702.792302565
,3565.47412109375,,10620.0,,,198.0,792.0,,,,,,,,,,3.53610897064209,,,,,,,,,,,,2.515625,,-2.796875,0.875,,10620.0,,3e-05,,0.22265625,,,1775632822.0692747,,,,,,-0.279296875,,198,,7682.9228515625,706.853505308
,3584.29541015625,,10620.0,,,199.0,796.0,,,,,,,,,,5.186351776123047,,,,,,,,,,,,1.421875,,-3.3125,0.75,,10620.0,,3e-05,,0.38671875,,,1775632826.1303892,,,,,,-1.8828125,,199,,7682.9228515625,710.707754113
0.7890625,3560.26025390625,-3.25,10620.0,,,200.0,800.0,,,,,2.515625,,,,,5.189714431762695,200.0,,,,,,,-0.734375,,3.296875,,5.15625,,-5.125,1.0,,10620.0,,3e-05,,0.1923828125,,,1775632838.3210359,,,,,256.0,0.0205078125,,200,,7682.9228515625,723.046016688
,3543.18310546875,,10620.0,,,201.0,804.0,,,,,,,,,,6.642421722412109,,,,,,,,,,,,3.53125,,-3.40625,0.75,,10620.0,,3e-05,,0.66015625,,,1775632842.3230262,,,,,,0.12060546875,,201,,7682.9228515625,726.303080257
,3593.18310546875,,10620.0,,,202.0,808.0,,,,,,,,,,4.908384799957275,,,,,,,,,,,,4.40625,,-5.84375,1.0,,10620.0,,3e-05,,0.03173828125,,,1775632845.579836,,,,,,-1.4609375,,202,,7682.9228515625,729.555414959
,3563.47607421875,,10620.0,,,203.0,812.0,,,,,,,,,,5.329696178436279,,,,,,,,,,,,2.546875,,-3.140625,0.75,,10620.0,,3e-05,,0.65625,,,1775632848.8323572,,,,,,-0.59375,,203,,7682.9228515625,732.389085202
,3551.265625,,10620.0,,,204.0,816.0,,,,,,,,,,4.519255638122559,,,,,,,,,,,,4.9375,,-5.0625,0.75,,10620.0,,3e-05,,0.31640625,,,1775632851.6660109,,,,,,-0.1171875,,204,,7682.9228515625,735.386472956
,3548.904296875,,10620.0,,,205.0,820.0,,,,,,,,,,2.8645260334014893,,,,,,,,,,,,5.8125,,-6.4375,1.0,,10620.0,,3e-05,,0.12353515625,,,1775632854.6633923,,,,,,-0.63671875,,205,,7682.9228515625,738.456693866
,3555.25341796875,,10620.0,,,206.0,824.0,,,,,,,,,,3.595724582672119,,,,,,,,,,,,3.4375,,-2.453125,0.75,,10620.0,,3e-05,,0.373046875,,,1775632857.733448,,,,,,0.97265625,,206,,7682.9228515625,741.024800732
,3555.072265625,,10620.0,,,207.0,828.0,,,,,,,,,,5.274272918701172,,,,,,,,,,,,2.984375,,-2.625,0.875,,10620.0,,3e-05,,0.5,,,1775632860.301507,,,,,,0.353515625,,207,,7682.9228515625,743.785919831
,3576.20068359375,,10620.0,,,208.0,832.0,,,,,,,,,,5.5871663093566895,,,,,,,,,,,,1.640625,,-1.921875,0.625,,10620.0,,3e-05,,0.462890625,,,1775632863.0628822,,,,,,-0.287109375,,208,,7682.9228515625,746.798033647
,3603.62939453125,,10620.0,,,209.0,836.0,,,,,,,,,,6.504514217376709,,,,,,,,,,,,4.15625,,-4.90625,1.0,,10620.0,,3e-05,,0.1748046875,,,1775632866.0749834,,,,,,-0.76171875,,209,,7682.9228515625,750.072020678
,3589.64501953125,,10620.0,,,210.0,840.0,,,,,,,,,,5.7528581619262695,,,,,,,,,,,,1.5625,,-1.921875,0.875,,10620.0,,3e-05,,0.287109375,,,1775632869.3489234,,,,,,-0.359375,,210,,7682.9228515625,752.929086684
,3550.1240234375,,10620.0,,,211.0,844.0,,,,,,,,,,6.218547344207764,,,,,,,,,,,,1.578125,,-1.296875,0.875,,10620.0,,3e-05,,0.38671875,,,1775632872.2060661,,,,,,0.28125,,211,,7682.9228515625,757.211088179
,3581.29296875,,10620.0,,,212.0,848.0,,,,,,,,,,3.485276699066162,,,,,,,,,,,,6.625,,-6.4375,1.0,,10620.0,,3e-05,,0.06005859375,,,1775632876.4879444,,,,,,0.18359375,,212,,7682.9228515625,761.258024852
,3587.31005859375,,10620.0,,,213.0,852.0,,,,,,,,,,4.655951023101807,,,,,,,,,,,,6.1875,,-6.625,1.0,,10620.0,,3e-05,,0.06982421875,,,1775632880.5347824,,,,,,-0.443359375,,213,,7682.9228515625,764.305116353
,3553.99755859375,,10620.0,,,214.0,856.0,,,,,,,,,,6.950958728790283,,,,,,,,,,,,2.1875,,-1.84375,1.0,,10620.0,,3e-05,,0.240234375,,,1775632883.5822048,,,,,,0.345703125,,214,,7682.9228515625,767.214611442
,3546.5693359375,,10620.0,,,215.0,860.0,,,,,,,,,,9.164467811584473,,,,,,,,,,,,2.421875,,-1.796875,0.875,,10620.0,,3e-05,,0.4921875,,,1775632886.4917424,,,,,,0.62109375,,215,,7682.9228515625,770.86953974
,3555.7001953125,,10620.0,,,216.0,864.0,,,,,,,,,,5.099748134613037,,,,,,,,,,,,4.875,,-3.90625,0.875,,10620.0,,3e-05,,0.1953125,,,1775632890.1462796,,,,,,0.97265625,,216,,7682.9228515625,774.004533493
,3573.52197265625,,10620.0,,,217.0,868.0,,,,,,,,,,5.6410346031188965,,,,,,,,,,,,2.984375,,-4.5,0.75,,10620.0,,3e-05,,0.5,,,1775632893.281396,,,,,,-1.5234375,,217,,7682.9228515625,776.806545196
,3554.5556640625,,10620.0,,,218.0,872.0,,,,,,,,,,6.161518573760986,,,,,,,,,,,,4.0625,,-3.234375,0.875,,10620.0,,3e-05,,0.349609375,,,1775632896.0835404,,,,,,0.82421875,,218,,7682.9228515625,780.050621745
,3550.72265625,,10620.0,,,219.0,876.0,,,,,,,,,,7.125624656677246,,,,,,,,,,,,3.328125,,-1.9765625,0.875,,10620.0,,3e-05,,0.4765625,,,1775632899.3275816,,,,,,1.34375,,219,,7682.9228515625,783.609557183
,3544.14501953125,,10620.0,,,220.0,880.0,,,,,,,,,,8.18172836303711,,,,,,,,,,,,2.953125,,-4.46875,0.75,,10620.0,,3e-05,,0.451171875,,,1775632902.8864305,,,,,,-1.5234375,,220,,7682.9228515625,786.343581133
,3546.927734375,,10620.0,,,221.0,884.0,,,,,,,,,,8.340353012084961,,,,,,,,,,,,3.796875,,-3.84375,1.0,,10620.0,,3e-05,,0.11767578125,,,1775632905.6205227,,,,,,-0.050048828125,,221,,7682.9228515625,789.45950103
,3559.49658203125,,10620.0,,,222.0,888.0,,,,,,,,,,9.803951263427734,,,,,,,,,,,,0.42578125,,-3.078125,0.5,,10620.0,,3e-05,,1.328125,,,1775632908.736462,,,,,,-2.640625,,222,,7682.9228515625,792.450325911
,3549.36474609375,,10620.0,,,223.0,892.0,,,,,,,,,,7.239958763122559,,,,,,,,,,,,1.5859375,,-1.484375,0.75,,10620.0,,3e-05,,0.46875,,,1775632911.7272243,,,,,,0.0966796875,,223,,7682.9228515625,795.59300314
,3581.86572265625,,10620.0,,,224.0,896.0,,,,,,,,,,6.066220760345459,,,,,,,,,,,,3.0625,,-3.046875,1.0,,10620.0,,3e-05,,0.220703125,,,1775632914.8699696,,,,,,0.018310546875,,224,,7682.9228515625,798.538533454
0.8046875,3541.64599609375,-3.890625,10620.0,,,225.0,900.0,,,,,2.125,,,,,5.434061050415039,225.0,,,,,,,-1.765625,,2.53125,,2.578125,,-3.359375,0.75,,10620.0,,3e-05,,0.35546875,,,1775632926.2567148,,,,,256.0,-0.78515625,,225,,7682.9228515625,809.868861687
,3552.9189453125,,10620.0,,,226.0,904.0,,,,,,,,,,4.446884632110596,,,,,,,,,,,,0.6875,,-1.390625,0.625,,10620.0,,3e-05,,0.6171875,,,1775632929.145799,,,,,,-0.703125,,226,,7682.9228515625,812.500281651
,3557.6611328125,,10620.0,,,227.0,908.0,,,,,,,,,,6.707693576812744,,,,,,,,,,,,3.390625,,-5.65625,1.0,,10620.0,,3e-05,,0.126953125,,,1775632931.777063,,,,,,-2.28125,,227,,7682.9228515625,815.860428778
,3575.9765625,,10620.0,,,228.0,912.0,,,,,,,,,,6.896996974945068,,,,,,,,,,,,1.484375,,-3.28125,0.75,,10620.0,,3e-05,,0.57421875,,,1775632935.13749,,,,,,-1.8046875,,228,,7682.9228515625,818.839576206
,3542.30908203125,,10620.0,,,229.0,916.0,,,,,,,,,,7.846836090087891,,,,,,,,,,,,3.0625,,-5.625,0.75,,10620.0,,3e-05,,0.388671875,,,1775632938.1163766,,,,,,-2.5625,,229,,7682.9228515625,822.173549404
,3560.60009765625,,10620.0,,,230.0,920.0,,,,,,,,,,5.6325764656066895,,,,,,,,,,,,1.546875,,-2.78125,0.875,,10620.0,,3e-05,,0.337890625,,,1775632941.4504032,,,,,,-1.2421875,,230,,7682.9228515625,824.904442434
,3549.22412109375,,10620.0,,,231.0,924.0,,,,,,,,,,4.768529415130615,,,,,,,,,,,,2.78125,,-4.65625,1.0,,10620.0,,3e-05,,0.255859375,,,1775632944.181292,,,,,,-1.8671875,,231,,7682.9228515625,827.777635331
,3571.75439453125,,10620.0,,,232.0,928.0,,,,,,,,,,6.191302299499512,,,,,,,,,,,,1.375,,-2.34375,0.75,,10620.0,,3e-05,,0.69921875,,,1775632947.054272,,,,,,-0.97265625,,232,,7682.9228515625,830.689525595
,3545.771484375,,10620.0,,,233.0,932.0,,,,,,,,,,4.196561336517334,,,,,,,,,,,,2.125,,-3.546875,1.0,,10620.0,,3e-05,,0.248046875,,,1775632949.9665732,,,,,,-1.421875,,233,,7682.9228515625,833.319604368
,3549.4248046875,,10620.0,,,234.0,936.0,,,,,,,,,,4.331209182739258,,,,,,,,,,,,2.75,,-3.359375,0.875,,10620.0,,3e-05,,0.439453125,,,1775632952.5965211,,,,,,-0.609375,,234,,7682.9228515625,836.641717973
,3548.05126953125,,10620.0,,,235.0,940.0,,,,,,,,,,3.8583364486694336,,,,,,,,,,,,3.4375,,-5.25,1.0,,10620.0,,3e-05,,0.12890625,,,1775632955.9184992,,,,,,-1.796875,,235,,7682.9228515625,839.756216548
,3549.06689453125,,10620.0,,,236.0,944.0,,,,,,,,,,3.3140134811401367,,,,,,,,,,,,3.328125,,-4.03125,1.0,,10620.0,,3e-05,,0.11865234375,,,1775632959.0330827,,,,,,-0.70703125,,236,,7682.9228515625,844.011156049
,3564.86572265625,,10620.0,,,237.0,948.0,,,,,,,,,,3.401606321334839,,,,,,,,,,,,2.328125,,-4.15625,0.75,,10620.0,,3e-05,,0.42578125,,,1775632963.2880569,,,,,,-1.8359375,,237,,7682.9228515625,847.271011291
,3545.65087890625,,10620.0,,,238.0,952.0,,,,,,,,,,3.9786152839660645,,,,,,,,,,,,2.1875,,-4.03125,0.875,,10620.0,,3e-05,,0.37109375,,,1775632966.5477693,,,,,,-1.8359375,,238,,7682.9228515625,850.941672003
,3556.03564453125,,10620.0,,,239.0,956.0,,,,,,,,,,5.916371822357178,,,,,,,,,,,,3.359375,,-4.3125,0.875,,10620.0,,3e-05,,0.353515625,,,1775632970.2182446,,,,,,-0.96875,,239,,7682.9228515625,854.164596645
,3567.27783203125,,10620.0,,,240.0,960.0,,,,,,,,,,3.682661533355713,,,,,,,,,,,,3.625,,-5.59375,0.75,,10620.0,,3e-05,,0.294921875,,,1775632973.4413924,,,,,,-1.984375,,240,,7682.9228515625,857.206068712
,3553.91650390625,,10620.0,,,241.0,964.0,,,,,,,,,,4.214284420013428,,,,,,,,,,,,4.15625,,-4.34375,1.0,,10620.0,,3e-05,,0.08740234375,,,1775632976.4828115,,,,,,-0.1875,,241,,7682.9228515625,861.460280658
,3603.75439453125,,10620.0,,,242.0,968.0,,,,,,,,,,4.1594743728637695,,,,,,,,,,,,2.46875,,-2.234375,1.0,,10620.0,,3e-05,,0.193359375,,,1775632980.7373068,,,,,,0.23046875,,242,,7682.9228515625,865.523979888
,3584.29736328125,,10620.0,,,243.0,972.0,,,,,,,,,,5.629263877868652,,,,,,,,,,,,2.46875,,-4.59375,0.75,,10620.0,,3e-05,,0.326171875,,,1775632984.800864,,,,,,-2.109375,,243,,7682.9228515625,869.277092598
,3551.2705078125,,10620.0,,,244.0,976.0,,,,,,,,,,6.68467903137207,,,,,,,,,,,,2.09375,,-4.5,0.75,,10620.0,,3e-05,,0.341796875,,,1775632988.5538747,,,,,,-2.390625,,244,,7682.9228515625,872.401937727
,3561.75537109375,,10620.0,,,245.0,980.0,,,,,,,,,,4.098536014556885,,,,,,,,,,,,3.46875,,-3.734375,1.0,,10620.0,,3e-05,,0.2177734375,,,1775632991.678867,,,,,,-0.265625,,245,,7682.9228515625,875.357687302
,3547.099609375,,10620.0,,,246.0,984.0,,,,,,,,,,5.850493431091309,,,,,,,,,,,,4.34375,,-5.21875,0.75,,10620.0,,3e-05,,0.283203125,,,1775632994.6343865,,,,,,-0.87109375,,246,,7682.9228515625,878.154720183
,3559.6669921875,,10620.0,,,247.0,988.0,,,,,,,,,,7.998439311981201,,,,,,,,,,,,2.40625,,-2.453125,0.75,,10620.0,,3e-05,,0.578125,,,1775632997.431732,,,,,,-0.0595703125,,247,,7682.9228515625,881.25368692
,3555.96337890625,,10620.0,,,248.0,992.0,,,,,,,,,,6.055543899536133,,,,,,,,,,,,1.8125,,-0.68359375,1.0,,10620.0,,3e-05,,0.2333984375,,,1775633000.530651,,,,,,1.125,,248,,7682.9228515625,884.050445092
,3550.39111328125,,10620.0,,,249.0,996.0,,,,,,,,,,4.449702262878418,,,,,,,,,,,,1.1328125,,-0.7734375,0.75,,10620.0,,3e-05,,0.50390625,,,1775633003.327069,,,,,,0.359375,,249,,7682.9228515625,887.200758413
0.79296875,3579.63671875,-3.5,10620.0,,,250.0,1000.0,,,,,2.53125,,,,,6.582774639129639,250.0,,,,,,,-0.9765625,,2.984375,,2.125,,-5.0625,0.625,,10620.0,,3e-05,,0.83984375,,,1775633015.0274417,,,,,256.0,-2.921875,,250,,7682.9228515625,899.584852161
,3572.419921875,,10620.0,,,251.0,1004.0,,,,,,,,,,4.188777923583984,,,,,,,,,,,,2.703125,,-3.5,1.0,,10620.0,,3e-05,,0.1357421875,,,1775633018.8617806,,,,,,-0.7890625,,251,,7682.9228515625,902.503142829
,3546.5087890625,,10620.0,,,252.0,1008.0,,,,,,,,,,8.880627632141113,,,,,,,,,,,,2.203125,,-2.796875,0.75,,10620.0,,3e-05,,0.462890625,,,1775633021.7799106,,,,,,-0.59375,,252,,7682.9228515625,905.914443914
,3580.90478515625,,10620.0,,,253.0,1012.0,,,,,,,,,,6.573663234710693,,,,,,,,,,,,2.125,,-2.796875,0.875,,10620.0,,3e-05,,0.41015625,,,1775633025.1915317,,,,,,-0.66015625,,253,,7682.9228515625,909.412051312
,3559.51025390625,,10620.0,,,254.0,1016.0,,,,,,,,,,4.255754470825195,,,,,,,,,,,,3.5625,,-5.4375,0.875,,10620.0,,3e-05,,0.322265625,,,1775633028.6890104,,,,,,-1.875,,254,,7682.9228515625,912.428738751
,3556.03564453125,,10620.0,,,255.0,1020.0,,,,,,,,,,7.366186618804932,,,,,,,,,,,,2.046875,,-2.015625,0.875,,10620.0,,3e-05,,0.3125,,,1775633031.7055004,,,,,,0.029052734375,,255,,7682.9228515625,915.85291697
,3543.24560546875,,10620.0,,,256.0,1024.0,,,,,,,,,,8.445476531982422,,,,,,,,,,,,3.625,,-5.40625,0.875,,10620.0,,3e-05,,0.408203125,,,1775633035.1295848,,,,,,-1.7734375,,256,,7682.9228515625,918.475029197
,3534.83642578125,,10620.0,,,257.0,1028.0,,,,,,,,,,6.3225603103637695,,,,,,,,,,,,0.2734375,,-0.388671875,0.625,,10620.0,,3e-05,,0.90234375,,,1775633037.7517002,,,,,,-0.1162109375,,257,,7682.9228515625,921.2416595
,3550.51416015625,,10620.0,,,258.0,1032.0,,,,,,,,,,4.809776782989502,,,,,,,,,,,,2.25,,-2.09375,0.875,,10620.0,,3e-05,,0.51171875,,,1775633040.518601,,,,,,0.16015625,,258,,7682.9228515625,924.35831053
,3550.06201171875,,10620.0,,,259.0,1036.0,,,,,,,,,,6.744080543518066,,,,,,,,,,,,4.09375,,-5.5,0.625,,10620.0,,3e-05,,0.46484375,,,1775633043.6352704,,,,,,-1.40625,,259,,7682.9228515625,927.185400616
,3549.6142578125,,10620.0,,,260.0,1040.0,,,,,,,,,,9.830224990844727,,,,,,,,,,,,1.578125,,-1.890625,0.75,,10620.0,,3e-05,,0.62890625,,,1775633046.4621606,,,,,,-0.310546875,,260,,7682.9228515625,929.924728805
,3558.19775390625,,10620.0,,,261.0,1044.0,,,,,,,,,,7.119811534881592,,,,,,,,,,,,2.15625,,-3.125,0.75,,10620.0,,3e-05,,0.486328125,,,1775633049.201746,,,,,,-0.96875,,261,,7682.9228515625,932.726120913
,3560.443359375,,10620.0,,,262.0,1048.0,,,,,,,,,,3.6378791332244873,,,,,,,,,,,,3.234375,,-2.1875,0.75,,10620.0,,3e-05,,0.291015625,,,1775633052.003058,,,,,,1.0390625,,262,,7682.9228515625,936.826202733
,3548.40185546875,,10620.0,,,263.0,1052.0,,,,,,,,,,4.9369001388549805,,,,,,,,,,,,1.265625,,-1.40625,0.75,,10620.0,,3e-05,,0.65234375,,,1775633056.1028345,,,,,,-0.1484375,,263,,7682.9228515625,940.285736015
,3577.724609375,,10620.0,,,264.0,1056.0,,,,,,,,,,4.594468116760254,,,,,,,,,,,,2.5625,,-2.9375,1.0,,10620.0,,3e-05,,0.140625,,,1775633059.5626576,,,,,,-0.375,,264,,7682.9228515625,942.863624454
,3538.275390625,,10620.0,,,265.0,1060.0,,,,,,,,,,6.7611918449401855,,,,,,,,,,,,2.71875,,-1.78125,0.625,,10620.0,,3e-05,,0.41796875,,,1775633062.1405048,,,,,,0.9296875,,265,,7682.9228515625,945.417777278
,3550.5400390625,,10620.0,,,266.0,1064.0,,,,,,,,,,5.04814338684082,,,,,,,,,,,,2.75,,-1.8203125,0.875,,10620.0,,3e-05,,0.1943359375,,,1775633064.6948242,,,,,,0.9296875,,266,,7682.9228515625,948.455142567
,3542.77490234375,,10620.0,,,267.0,1068.0,,,,,,,,,,5.438488960266113,,,,,,,,,,,,2.84375,,-2.90625,0.875,,10620.0,,3e-05,,0.19140625,,,1775633067.7321289,,,,,,-0.072265625,,267,,7682.9228515625,951.568336425
,3552.9296875,,10620.0,,,268.0,1072.0,,,,,,,,,,4.476715087890625,,,,,,,,,,,,2.3125,,-1.6328125,0.625,,10620.0,,3e-05,,0.4140625,,,1775633070.845287,,,,,,0.6875,,268,,7682.9228515625,954.60512376
,3557.9033203125,,10620.0,,,269.0,1076.0,,,,,,,,,,4.308305740356445,,,,,,,,,,,,1.9921875,,-0.71484375,0.875,,10620.0,,3e-05,,0.349609375,,,1775633073.8822267,,,,,,1.2734375,,269,,7682.9228515625,957.104693473
,3542.40869140625,,10620.0,,,270.0,1080.0,,,,,,,,,,3.014108180999756,,,,,,,,,,,,2.796875,,-1.5078125,1.0,,10620.0,,3e-05,,0.2080078125,,,1775633076.381678,,,,,,1.2890625,,270,,7682.9228515625,959.963347876
,3551.29443359375,,10620.0,,,271.0,1084.0,,,,,,,,,,3.8558530807495117,,,,,,,,,,,,1.6171875,,-1.5078125,0.75,,10620.0,,3e-05,,0.5859375,,,1775633079.2400498,,,,,,0.111328125,,271,,7682.9228515625,963.147133087
,3553.62060546875,,10620.0,,,272.0,1088.0,,,,,,,,,,3.305224895477295,,,,,,,,,,,,2.953125,,-4.09375,1.0,,10620.0,,3e-05,,0.1533203125,,,1775633082.4242032,,,,,,-1.1328125,,272,,7682.9228515625,966.501037371
,3553.28759765625,,10620.0,,,273.0,1092.0,,,,,,,,,,3.063178777694702,,,,,,,,,,,,3.5,,-3.328125,1.0,,10620.0,,3e-05,,0.154296875,,,1775633085.7780614,,,,,,0.169921875,,273,,7682.9228515625,969.477319399
,3554.3017578125,,10620.0,,,274.0,1096.0,,,,,,,,,,3.7823846340179443,,,,,,,,,,,,2.421875,,-1.4140625,1.0,,10620.0,,3e-05,,0.169921875,,,1775633088.7543635,,,,,,1.0,,274,,7682.9228515625,972.861870093
0.796875,3541.75390625,-1.046875,10620.0,,,275.0,1100.0,,,,,2.015625,,,,,4.054780006408691,275.0,,,,,,,0.96875,,2.546875,,2.203125,,-0.8125,0.875,,10620.0,,3e-05,,0.326171875,,,1775633100.3669794,,,,,256.0,1.390625,,275,,7682.9228515625,984.249912308
,3562.2578125,,10620.0,,,276.0,1104.0,,,,,,,,,,3.2578842639923096,,,,,,,,,,,,1.890625,,-0.49609375,1.0,,10620.0,,3e-05,,0.326171875,,,1775633103.5268688,,,,,,1.390625,,276,,7682.9228515625,988.102002931
,3560.45654296875,,10620.0,,,277.0,1108.0,,,,,,,,,,4.9507060050964355,,,,,,,,,,,,2.53125,,-3.359375,0.75,,10620.0,,3e-05,,0.419921875,,,1775633107.3790143,,,,,,-0.83203125,,277,,7682.9228515625,991.957928955
,3556.6181640625,,10620.0,,,278.0,1112.0,,,,,,,,,,5.21737003326416,,,,,,,,,,,,3.578125,,-4.4375,0.75,,10620.0,,3e-05,,0.46484375,,,1775633111.234897,,,,,,-0.875,,278,,7682.9228515625,995.133256199
,3564.74169921875,,10620.0,,,279.0,1116.0,,,,,,,,,,4.079916954040527,,,,,,,,,,,,2.609375,,-3.59375,0.75,,10620.0,,3e-05,,0.828125,,,1775633114.4102879,,,,,,-0.9921875,,279,,7682.9228515625,998.122298954
,3569.18701171875,,10620.0,,,280.0,1120.0,,,,,,,,,,4.890713691711426,,,,,,,,,,,,1.5390625,,-1.140625,0.75,,10620.0,,3e-05,,0.5078125,,,1775633117.3993976,,,,,,0.396484375,,280,,7682.9228515625,1001.428921772
,3559.41943359375,,10620.0,,,281.0,1124.0,,,,,,,,,,4.362371444702148,,,,,,,,,,,,2.546875,,-2.578125,0.875,,10620.0,,3e-05,,0.330078125,,,1775633120.7059011,,,,,,-0.0341796875,,281,,7682.9228515625,1005.0003962
,3577.759765625,,10620.0,,,282.0,1128.0,,,,,,,,,,3.318358898162842,,,,,,,,,,,,2.171875,,-2.390625,0.75,,10620.0,,3e-05,,0.37890625,,,1775633124.2774298,,,,,,-0.20703125,,282,,7682.9228515625,1008.31133174
,3544.04052734375,,10620.0,,,283.0,1132.0,,,,,,,,,,3.6605618000030518,,,,,,,,,,,,2.265625,,-3.046875,0.75,,10620.0,,3e-05,,0.5,,,1775633127.5881991,,,,,,-0.78125,,283,,7682.9228515625,1011.557208852
,3550.318359375,,10620.0,,,284.0,1136.0,,,,,,,,,,5.27341890335083,,,,,,,,,,,,2.8125,,-3.1875,0.75,,10620.0,,3e-05,,0.423828125,,,1775633130.8343284,,,,,,-0.373046875,,284,,7682.9228515625,1014.600049566
,3545.05810546875,,10620.0,,,285.0,1140.0,,,,,,,,,,5.0534234046936035,,,,,,,,,,,,2.125,,-2.71875,0.875,,10620.0,,3e-05,,0.404296875,,,1775633133.8771327,,,,,,-0.59375,,285,,7682.9228515625,1017.845788746
,3550.24560546875,,10620.0,,,286.0,1144.0,,,,,,,,,,4.106507778167725,,,,,,,,,,,,3.125,,-3.0625,0.875,,10620.0,,3e-05,,0.1640625,,,1775633137.1226876,,,,,,0.064453125,,286,,7682.9228515625,1020.383012649
,3549.90771484375,,10620.0,,,287.0,1148.0,,,,,,,,,,5.748255252838135,,,,,,,,,,,,2.8125,,-4.75,0.875,,10620.0,,3e-05,,0.166015625,,,1775633139.6601493,,,,,,-1.953125,,287,,7682.9228515625,1023.31615778
,3554.33447265625,,10620.0,,,288.0,1152.0,,,,,,,,,,3.589700937271118,,,,,,,,,,,,4.625,,-5.375,1.0,,10620.0,,3e-05,,0.1083984375,,,1775633142.5930338,,,,,,-0.7265625,,288,,7682.9228515625,1026.875282348
,3563.58447265625,,10620.0,,,289.0,1156.0,,,,,,,,,,5.699939727783203,,,,,,,,,,,,2.890625,,-3.28125,0.875,,10620.0,,3e-05,,0.2734375,,,1775633146.1519766,,,,,,-0.40234375,,289,,7682.9228515625,1029.950381841
,3551.51904296875,,10620.0,,,290.0,1160.0,,,,,,,,,,4.504800796508789,,,,,,,,,,,,2.515625,,-4.53125,0.875,,10620.0,,3e-05,,0.232421875,,,1775633149.227438,,,,,,-2.015625,,290,,7682.9228515625,1033.095556156
,3548.8916015625,,10620.0,,,291.0,1164.0,,,,,,,,,,4.308056831359863,,,,,,,,,,,,3.375,,-5.46875,0.875,,10620.0,,3e-05,,0.201171875,,,1775633152.3726118,,,,,,-2.09375,,291,,7682.9228515625,1036.662908094
,3559.0341796875,,10620.0,,,292.0,1168.0,,,,,,,,,,5.255843162536621,,,,,,,,,,,,4.1875,,-5.6875,0.875,,10620.0,,3e-05,,0.34765625,,,1775633155.9371583,,,,,,-1.5,,292,,7682.9228515625,1040.853095826
,3626.87353515625,,10620.0,,,293.0,1172.0,,,,,,,,,,4.626535415649414,,,,,,,,,,,,4.28125,,-5.75,0.875,,10620.0,,3e-05,,0.16796875,,,1775633160.1300077,,,,,,-1.46875,,293,,7682.9228515625,1044.156293191
,3552.6591796875,,10620.0,,,294.0,1176.0,,,,,,,,,,6.294281482696533,,,,,,,,,,,,2.15625,,-3.328125,0.625,,10620.0,,3e-05,,0.5078125,,,1775633163.4333575,,,,,,-1.1796875,,294,,7682.9228515625,1047.604634372
,3543.95458984375,,10620.0,,,295.0,1180.0,,,,,,,,,,4.764248371124268,,,,,,,,,,,,3.28125,,-5.34375,0.75,,10620.0,,3e-05,,0.306640625,,,1775633166.88166,,,,,,-2.046875,,295,,7682.9228515625,1050.702631239
,3549.61376953125,,10620.0,,,296.0,1184.0,,,,,,,,,,5.230647087097168,,,,,,,,,,,,2.765625,,-5.09375,0.875,,10620.0,,3e-05,,0.400390625,,,1775633169.979688,,,,,,-2.34375,,296,,7682.9228515625,1054.048150262
,3550.763671875,,10620.0,,,297.0,1188.0,,,,,,,,,,5.277508735656738,,,,,,,,,,,,2.453125,,-3.625,0.875,,10620.0,,3e-05,,0.287109375,,,1775633173.325049,,,,,,-1.1640625,,297,,7682.9228515625,1056.774305312
,3553.15185546875,,10620.0,,,298.0,1192.0,,,,,,,,,,4.453411102294922,,,,,,,,,,,,3.5625,,-5.40625,1.0,,10620.0,,3e-05,,0.1806640625,,,1775633176.0514326,,,,,,-1.84375,,298,,7682.9228515625,1060.597966696
,3557.96728515625,,10620.0,,,299.0,1196.0,,,,,,,,,,4.424834251403809,,,,,,,,,,,,3.3125,,-4.875,0.875,,10620.0,,3e-05,,0.58203125,,,1775633179.8749123,,,,,,-1.5546875,,299,,7682.9228515625,1064.205427732
0.828125,3559.41162109375,-4.875,10620.0,,,300.0,1200.0,,,,,2.515625,,,,,4.706737041473389,300.0,,,,,,,-2.359375,,2.8125,,2.015625,,-4.6875,0.625,,10620.0,,3e-05,,0.431640625,,,1775633191.8572555,,,,,256.0,-2.671875,,300,,7682.9228515625,1076.013742059
,3561.28955078125,,10620.0,,,301.0,1204.0,,,,,,,,,,5.179721832275391,,,,,,,,,,,,4.09375,,-7.59375,0.875,,10620.0,,3e-05,,0.3125,,,1775633195.2907434,,,,,,-3.484375,,301,,7682.9228515625,1079.15005811
,3573.82421875,,10620.0,,,302.0,1208.0,,,,,,,,,,3.002584934234619,,,,,,,,,,,,3.65625,,-7.375,1.0,,10620.0,,3e-05,,0.06982421875,,,1775633198.4269748,,,,,,-3.703125,,302,,7682.9228515625,1082.109172319
,3554.744140625,,10620.0,,,303.0,1212.0,,,,,,,,,,2.853785753250122,,,,,,,,,,,,4.9375,,-7.78125,1.0,,10620.0,,3e-05,,0.07421875,,,1775633201.3859868,,,,,,-2.84375,,303,,7682.9228515625,1085.887451326
,3546.21142578125,,10620.0,,,304.0,1216.0,,,,,,,,,,4.54917573928833,,,,,,,,,,,,3.203125,,-5.25,0.875,,10620.0,,3e-05,,0.1982421875,,,1775633205.1642327,,,,,,-2.0625,,304,,7682.9228515625,1090.2406556
,3576.04931640625,,10620.0,,,305.0,1220.0,,,,,,,,,,2.517381191253662,,,,,,,,,,,,5.90625,,-7.84375,1.0,,10620.0,,3e-05,,0.031494140625,,,1775633209.517742,,,,,,-1.9375,,305,,7682.9228515625,1092.929491407
,3550.220703125,,10620.0,,,306.0,1224.0,,,,,,,,,,3.171543598175049,,,,,,,,,,,,2.828125,,-4.78125,0.875,,10620.0,,3e-05,,0.3828125,,,1775633212.2066138,,,,,,-1.96875,,306,,7682.9228515625,1096.292459622
,3553.48876953125,,10620.0,,,307.0,1228.0,,,,,,,,,,5.593339920043945,,,,,,,,,,,,3.390625,,-5.65625,1.0,,10620.0,,3e-05,,0.1083984375,,,1775633215.5694544,,,,,,-2.265625,,307,,7682.9228515625,1099.024953324
,3548.6572265625,,10620.0,,,308.0,1232.0,,,,,,,,,,4.2192511558532715,,,,,,,,,,,,6.0,,-7.78125,1.0,,10620.0,,3e-05,,0.0673828125,,,1775633218.3020241,,,,,,-1.7890625,,308,,7682.9228515625,1102.780857491
,3619.923828125,,10620.0,,,309.0,1236.0,,,,,,,,,,3.766186237335205,,,,,,,,,,,,3.171875,,-4.65625,1.0,,10620.0,,3e-05,,0.1435546875,,,1775633222.0579097,,,,,,-1.4921875,,309,,7682.9228515625,1105.435582737
,3543.52099609375,,10620.0,,,310.0,1240.0,,,,,,,,,,5.333259582519531,,,,,,,,,,,,3.96875,,-6.1875,1.0,,10620.0,,3e-05,,0.1474609375,,,1775633224.7126405,,,,,,-2.21875,,310,,7682.9228515625,1108.41012489
,3567.79345703125,,10620.0,,,311.0,1244.0,,,,,,,,,,4.4775614738464355,,,,,,,,,,,,6.0,,-6.1875,1.0,,10620.0,,3e-05,,0.043701171875,,,1775633227.6871223,,,,,,-0.1884765625,,311,,7682.9228515625,1111.199551194
,3560.54638671875,,10620.0,,,312.0,1248.0,,,,,,,,,,3.3244786262512207,,,,,,,,,,,,2.90625,,-4.78125,1.0,,10620.0,,3e-05,,0.23828125,,,1775633230.4765465,,,,,,-1.8828125,,312,,7682.9228515625,1113.756599414
,3548.63427734375,,10620.0,,,313.0,1252.0,,,,,,,,,,4.324212074279785,,,,,,,,,,,,5.03125,,-4.84375,1.0,,10620.0,,3e-05,,0.03662109375,,,1775633233.033659,,,,,,0.1865234375,,313,,7682.9228515625,1117.369241753
,3555.10791015625,,10620.0,,,314.0,1256.0,,,,,,,,,,6.733535289764404,,,,,,,,,,,,5.9375,,-6.78125,1.0,,10620.0,,3e-05,,0.06201171875,,,1775633236.6463118,,,,,,-0.85546875,,314,,7682.9228515625,1120.24131832
,3565.67822265625,,10620.0,,,315.0,1260.0,,,,,,,,,,5.5602898597717285,,,,,,,,,,,,5.21875,,-7.59375,1.0,,10620.0,,3e-05,,0.030029296875,,,1775633239.5183296,,,,,,-2.375,,315,,7682.9228515625,1124.270153639
,3583.55322265625,,10620.0,,,316.0,1264.0,,,,,,,,,,4.635367393493652,,,,,,,,,,,,6.125,,-9.5,1.0,,10620.0,,3e-05,,0.0751953125,,,1775633243.5470078,,,,,,-3.34375,,316,,7682.9228515625,1127.648991283
,3544.50341796875,,10620.0,,,317.0,1268.0,,,,,,,,,,5.072052955627441,,,,,,,,,,,,7.46875,,-9.5,1.0,,10620.0,,3e-05,,0.026611328125,,,1775633246.9260104,,,,,,-2.046875,,317,,7682.9228515625,1130.17680551
,3539.2041015625,,10620.0,,,318.0,1272.0,,,,,,,,,,4.305963516235352,,,,,,,,,,,,6.28125,,-5.25,1.0,,10620.0,,3e-05,,0.07666015625,,,1775633249.4539106,,,,,,1.0390625,,318,,7682.9228515625,1133.397246757
,3543.51318359375,,10620.0,,,319.0,1276.0,,,,,,,,,,10.412548065185547,,,,,,,,,,,,5.03125,,-5.59375,0.75,,10620.0,,3e-05,,0.5703125,,,1775633252.6742647,,,,,,-0.5703125,,319,,7682.9228515625,1136.352245693
,3548.0556640625,,10620.0,,,320.0,1280.0,,,,,,,,,,6.714920520782471,,,,,,,,,,,,7.34375,,-8.375,0.875,,10620.0,,3e-05,,0.1181640625,,,1775633255.6293135,,,,,,-1.0390625,,320,,7682.9228515625,1139.498618683
,3539.02880859375,,10620.0,,,321.0,1284.0,,,,,,,,,,10.75424575805664,,,,,,,,,,,,3.28125,,-5.4375,0.75,,10620.0,,3e-05,,0.380859375,,,1775633258.775517,,,,,,-2.15625,,321,,7682.9228515625,1142.476890031
,3544.59033203125,,10620.0,,,322.0,1288.0,,,,,,,,,,6.6755900382995605,,,,,,,,,,,,3.765625,,-1.9453125,0.875,,10620.0,,3e-05,,0.35546875,,,1775633261.7537897,,,,,,1.8203125,,322,,7682.9228515625,1146.282435585
,3564.7314453125,,10620.0,,,323.0,1292.0,,,,,,,,,,6.851895332336426,,,,,,,,,,,,5.5,,-3.578125,1.0,,10620.0,,3e-05,,0.0262451171875,,,1775633265.559367,,,,,,1.921875,,323,,7682.9228515625,1148.997446817
,3560.83154296875,,10620.0,,,324.0,1296.0,,,,,,,,,,6.559013843536377,,,,,,,,,,,,6.03125,,-5.65625,1.0,,10620.0,,3e-05,,0.00787353515625,,,1775633268.2743359,,,,,,0.39453125,,324,,7682.9228515625,1152.001730639
0.83984375,3545.6025390625,-2.703125,10620.0,,,325.0,1300.0,,,,,4.03125,,,,,5.0159077644348145,325.0,,,,,,,1.3203125,,4.59375,,9.9375,,-6.65625,1.0,,10620.0,,3e-05,,0.0213623046875,,,1775633279.6170282,,,,,256.0,3.28125,,325,,7682.9228515625,1163.173014854
,3563.34228515625,,10620.0,,,326.0,1304.0,,,,,,,,,,3.6093597412109375,,,,,,,,,,,,7.5625,,-5.21875,1.0,,10620.0,,3e-05,,0.055419921875,,,1775633282.4499955,,,,,,2.375,,326,,7682.9228515625,1165.965512219
,3548.92041015625,,10620.0,,,327.0,1308.0,,,,,,,,,,3.576172113418579,,,,,,,,,,,,4.6875,,-3.234375,1.0,,10620.0,,3e-05,,0.10302734375,,,1775633285.2423978,,,,,,1.453125,,327,,7682.9228515625,1169.58492097
,3549.9169921875,,10620.0,,,328.0,1312.0,,,,,,,,,,6.0533246994018555,,,,,,,,,,,,2.34375,,-0.4921875,0.75,,10620.0,,3e-05,,0.345703125,,,1775633288.8620422,,,,,,1.8515625,,328,,7682.9228515625,1172.724985806
,3577.43798828125,,10620.0,,,329.0,1316.0,,,,,,,,,,7.328780174255371,,,,,,,,,,,,4.21875,,-2.28125,0.875,,10620.0,,3e-05,,0.14453125,,,1775633292.0018272,,,,,,1.953125,,329,,7682.9228515625,1175.735910678
,3564.22607421875,,10620.0,,,330.0,1320.0,,,,,,,,,,2.5682590007781982,,,,,,,,,,,,6.8125,,-4.625,1.0,,10620.0,,3e-05,,0.06298828125,,,1775633295.0129378,,,,,,2.1875,,330,,7682.9228515625,1178.874135766
,3572.03076171875,,10620.0,,,331.0,1324.0,,,,,,,,,,8.380101203918457,,,,,,,,,,,,2.71875,,-1.234375,0.875,,10620.0,,3e-05,,0.69140625,,,1775633298.151145,,,,,,1.484375,,331,,7682.9228515625,1181.723746369
,3570.99072265625,,10620.0,,,332.0,1328.0,,,,,,,,,,2.0206027030944824,,,,,,,,,,,,7.34375,,-5.65625,1.0,,10620.0,,3e-05,,0.01287841796875,,,1775633301.0005517,,,,,,1.7109375,,332,,7682.9228515625,1184.785360037
,3573.93408203125,,10620.0,,,333.0,1332.0,,,,,,,,,,6.694879055023193,,,,,,,,,,,,5.21875,,-2.28125,1.0,,10620.0,,3e-05,,0.03759765625,,,1775633304.0625045,,,,,,2.9375,,333,,7682.9228515625,1187.631099024
,3555.8291015625,,10620.0,,,334.0,1336.0,,,,,,,,,,4.6112213134765625,,,,,,,,,,,,4.0,,-5.875,1.0,,10620.0,,3e-05,,0.0556640625,,,1775633306.9081237,,,,,,-1.875,,334,,7682.9228515625,1190.884525925
,3558.95166015625,,10620.0,,,335.0,1340.0,,,,,,,,,,8.021435737609863,,,,,,,,,,,,6.25,,-6.96875,0.875,,10620.0,,3e-05,,0.2578125,,,1775633310.1613243,,,,,,-0.703125,,335,,7682.9228515625,1194.010831749
,3549.501953125,,10620.0,,,336.0,1344.0,,,,,,,,,,8.458816528320312,,,,,,,,,,,,5.125,,-6.25,0.75,,10620.0,,3e-05,,0.74609375,,,1775633313.2878172,,,,,,-1.1171875,,336,,7682.9228515625,1197.348623504
,3584.27587890625,,10620.0,,,337.0,1348.0,,,,,,,,,,7.983191013336182,,,,,,,,,,,,4.71875,,-6.96875,0.875,,10620.0,,3e-05,,0.1484375,,,1775633316.6256976,,,,,,-2.234375,,337,,7682.9228515625,1200.905587062
,3597.46044921875,,10620.0,,,338.0,1352.0,,,,,,,,,,5.383050441741943,,,,,,,,,,,,4.84375,,-7.90625,0.875,,10620.0,,3e-05,,0.34765625,,,1775633320.1826684,,,,,,-3.0625,,338,,7682.9228515625,1204.617436885
,3548.16552734375,,10620.0,,,339.0,1356.0,,,,,,,,,,5.966301918029785,,,,,,,,,,,,6.0625,,-9.8125,0.875,,10620.0,,3e-05,,0.365234375,,,1775633323.8942795,,,,,,-3.75,,339,,7682.9228515625,1207.171463435
,3545.18310546875,,10620.0,,,340.0,1360.0,,,,,,,,,,3.390540838241577,,,,,,,,,,,,6.71875,,-10.3125,1.0,,10620.0,,3e-05,,0.01171875,,,1775633326.448429,,,,,,-3.578125,,340,,7682.9228515625,1210.76306878
,3610.71630859375,,10620.0,,,341.0,1364.0,,,,,,,,,,7.743736743927002,,,,,,,,,,,,7.53125,,-12.4375,1.0,,10620.0,,3e-05,,0.007476806640625,,,1775633330.0399714,,,,,,-4.875,,341,,7682.9228515625,1213.886085602
,3539.734375,,10620.0,,,342.0,1368.0,,,,,,,,,,4.632688522338867,,,,,,,,,,,,6.78125,,-11.0,1.0,,10620.0,,3e-05,,0.060302734375,,,1775633333.1629813,,,,,,-4.1875,,342,,7682.9228515625,1217.712123649
,3603.82275390625,,10620.0,,,343.0,1372.0,,,,,,,,,,5.723282337188721,,,,,,,,,,,,6.15625,,-9.0,1.0,,10620.0,,3e-05,,0.09912109375,,,1775633336.9889824,,,,,,-2.875,,343,,7682.9228515625,1221.022543838
,3568.49560546875,,10620.0,,,344.0,1376.0,,,,,,,,,,11.323769569396973,,,,,,,,,,,,7.09375,,-10.875,0.75,,10620.0,,3e-05,,0.7421875,,,1775633340.2994711,,,,,,-3.78125,,344,,7682.9228515625,1224.23090851
,3556.29931640625,,10620.0,,,345.0,1380.0,,,,,,,,,,4.145290851593018,,,,,,,,,,,,6.375,,-9.875,1.0,,10620.0,,3e-05,,0.0234375,,,1775633343.507678,,,,,,-3.484375,,345,,7682.9228515625,1227.156038559
,3548.37841796875,,10620.0,,,346.0,1384.0,,,,,,,,,,8.1975679397583,,,,,,,,,,,,4.09375,,-7.71875,0.875,,10620.0,,3e-05,,0.259765625,,,1775633346.4329088,,,,,,-3.640625,,346,,7682.9228515625,1231.076380148
,3558.0107421875,,10620.0,,,347.0,1388.0,,,,,,,,,,7.469967842102051,,,,,,,,,,,,7.0,,-10.5625,0.875,,10620.0,,3e-05,,0.326171875,,,1775633350.3534207,,,,,,-3.546875,,347,,7682.9228515625,1233.860663815
,3554.90478515625,,10620.0,,,348.0,1392.0,,,,,,,,,,5.503575801849365,,,,,,,,,,,,4.03125,,-6.0625,0.75,,10620.0,,3e-05,,0.365234375,,,1775633353.1378005,,,,,,-2.03125,,348,,7682.9228515625,1236.621230543
,3544.3515625,,10620.0,,,349.0,1396.0,,,,,,,,,,4.661578178405762,,,,,,,,,,,,1.203125,,-3.546875,0.75,,10620.0,,3e-05,,0.390625,,,1775633355.8983164,,,,,,-2.34375,,349,,7682.9228515625,1239.661908704
0.8203125,3581.43701171875,-7.375,10620.0,,,350.0,1400.0,,,,,4.3125,,,,,8.433452606201172,350.0,,,,,,,-3.078125,,4.71875,,2.984375,,-8.375,0.875,,10620.0,,3e-05,,0.98046875,,,1775633367.3782172,,,,,256.0,-5.40625,,350,,7682.9228515625,1252.497551639
,3550.2783203125,,10620.0,,,351.0,1404.0,,,,,,,,,,5.515236854553223,,,,,,,,,,,,9.0,,-8.625,1.0,,10620.0,,3e-05,,0.06396484375,,,1775633371.7743943,,,,,,0.3828125,,351,,7682.9228515625,1256.076985352
,3582.11279296875,,10620.0,,,352.0,1408.0,,,,,,,,,,4.130011081695557,,,,,,,,,,,,9.0,,-13.8125,1.0,,10620.0,,3e-05,,0.007080078125,,,1775633375.353905,,,,,,-4.8125,,352,,7682.9228515625,1258.843883945
,3548.61083984375,,10620.0,,,353.0,1412.0,,,,,,,,,,2.8338332176208496,,,,,,,,,,,,7.125,,-7.5,0.875,,10620.0,,3e-05,,0.10693359375,,,1775633378.1203575,,,,,,-0.369140625,,353,,7682.9228515625,1262.082474348
,3545.38720703125,,10620.0,,,354.0,1416.0,,,,,,,,,,6.973321437835693,,,,,,,,,,,,3.609375,,-9.5,0.875,,10620.0,,3e-05,,0.671875,,,1775633381.358862,,,,,,-5.90625,,354,,7682.9228515625,1265.682855451
,3558.1435546875,,10620.0,,,355.0,1420.0,,,,,,,,,,2.9337875843048096,,,,,,,,,,,,5.1875,,-5.625,1.0,,10620.0,,3e-05,,0.050537109375,,,1775633384.9596748,,,,,,-0.44921875,,355,,7682.9228515625,1268.449076521
,3558.31201171875,,10620.0,,,356.0,1424.0,,,,,,,,,,4.708553314208984,,,,,,,,,,,,2.5625,,-4.34375,0.875,,10620.0,,3e-05,,0.490234375,,,1775633387.726005,,,,,,-1.7890625,,356,,7682.9228515625,1271.705423211
,3556.81005859375,,10620.0,,,357.0,1428.0,,,,,,,,,,6.3457417488098145,,,,,,,,,,,,5.6875,,-10.0,0.875,,10620.0,,3e-05,,0.1337890625,,,1775633390.9822352,,,,,,-4.34375,,357,,7682.9228515625,1274.370338428
,3549.962890625,,10620.0,,,358.0,1432.0,,,,,,,,,,1.8407058715820312,,,,,,,,,,,,6.84375,,-9.25,1.0,,10620.0,,3e-05,,0.0194091796875,,,1775633393.647386,,,,,,-2.421875,,358,,7682.9228515625,1277.148875501
,3550.3515625,,10620.0,,,359.0,1436.0,,,,,,,,,,9.119684219360352,,,,,,,,,,,,5.0625,,-8.1875,0.75,,10620.0,,3e-05,,0.451171875,,,1775633396.4259443,,,,,,-3.140625,,359,,7682.9228515625,1279.756942776
,3548.7705078125,,10620.0,,,360.0,1440.0,,,,,,,,,,3.845133066177368,,,,,,,,,,,,3.359375,,-5.53125,1.0,,10620.0,,3e-05,,0.08349609375,,,1775633399.0339315,,,,,,-2.171875,,360,,7682.9228515625,1282.448355772
,3532.65771484375,,10620.0,,,361.0,1444.0,,,,,,,,,,5.422746181488037,,,,,,,,,,,,2.796875,,-3.953125,0.875,,10620.0,,3e-05,,0.2314453125,,,1775633401.7252734,,,,,,-1.15625,,361,,7682.9228515625,1285.482100302
,3552.75732421875,,10620.0,,,362.0,1448.0,,,,,,,,,,4.367969989776611,,,,,,,,,,,,5.125,,-3.796875,1.0,,10620.0,,3e-05,,0.068359375,,,1775633404.759116,,,,,,1.328125,,362,,7682.9228515625,1287.981832841
,3536.4443359375,,10620.0,,,363.0,1452.0,,,,,,,,,,4.0145673751831055,,,,,,,,,,,,5.90625,,-8.3125,1.0,,10620.0,,3e-05,,0.1591796875,,,1775633407.2583547,,,,,,-2.40625,,363,,7682.9228515625,1290.66734225
,3552.22607421875,,10620.0,,,364.0,1456.0,,,,,,,,,,2.7886273860931396,,,,,,,,,,,,6.96875,,-7.5625,1.0,,10620.0,,3e-05,,0.017822265625,,,1775633409.9443972,,,,,,-0.5703125,,364,,7682.9228515625,1294.365485215
,3558.3154296875,,10620.0,,,365.0,1460.0,,,,,,,,,,7.6209797859191895,,,,,,,,,,,,8.0625,,-7.59375,1.0,,10620.0,,3e-05,,0.037841796875,,,1775633413.6422749,,,,,,0.4453125,,365,,7682.9228515625,1297.472575259
,3557.51318359375,,10620.0,,,366.0,1464.0,,,,,,,,,,4.706650257110596,,,,,,,,,,,,4.4375,,-2.421875,1.0,,10620.0,,3e-05,,0.02685546875,,,1775633416.7492175,,,,,,2.015625,,366,,7682.9228515625,1300.685416707
,3533.48779296875,,10620.0,,,367.0,1468.0,,,,,,,,,,4.5237040519714355,,,,,,,,,,,,9.0625,,-9.625,1.0,,10620.0,,3e-05,,0.0771484375,,,1775633419.96226,,,,,,-0.57421875,,367,,7682.9228515625,1303.964740837
,3573.87841796875,,10620.0,,,368.0,1472.0,,,,,,,,,,9.03101634979248,,,,,,,,,,,,6.5,,-5.0,1.0,,10620.0,,3e-05,,0.0028076171875,,,1775633423.2417488,,,,,,1.5078125,,368,,7682.9228515625,1307.604485493
,3616.31103515625,,10620.0,,,369.0,1476.0,,,,,,,,,,7.07220983505249,,,,,,,,,,,,6.15625,,-4.1875,1.0,,10620.0,,3e-05,,0.06396484375,,,1775633426.8811135,,,,,,1.96875,,369,,7682.9228515625,1310.61169092
,3549.96240234375,,10620.0,,,370.0,1480.0,,,,,,,,,,8.173843383789062,,,,,,,,,,,,3.609375,,-3.96875,0.625,,10620.0,,3e-05,,0.62109375,,,1775633429.8886776,,,,,,-0.36328125,,370,,7682.9228515625,1313.68285056
,3538.37060546875,,10620.0,,,371.0,1484.0,,,,,,,,,,8.543683052062988,,,,,,,,,,,,7.8125,,-6.6875,0.75,,10620.0,,3e-05,,0.33984375,,,1775633432.959582,,,,,,1.1171875,,371,,7682.9228515625,1316.92188891
,3565.44677734375,,10620.0,,,372.0,1488.0,,,,,,,,,,6.333965301513672,,,,,,,,,,,,7.78125,,-4.15625,0.875,,10620.0,,3e-05,,0.20703125,,,1775633436.198978,,,,,,3.625,,372,,7682.9228515625,1320.432069867
,3590.1337890625,,10620.0,,,373.0,1492.0,,,,,,,,,,2.7447776794433594,,,,,,,,,,,,7.9375,,-5.96875,1.0,,10620.0,,3e-05,,0.004730224609375,,,1775633439.7088816,,,,,,1.953125,,373,,7682.9228515625,1323.556898993
,3546.6748046875,,10620.0,,,374.0,1496.0,,,,,,,,,,7.379626274108887,,,,,,,,,,,,8.0,,-8.5,1.0,,10620.0,,3e-05,,0.02978515625,,,1775633442.8336241,,,,,,-0.484375,,374,,7682.9228515625,1327.363881965
0.82421875,3572.75830078125,-4.65625,10620.0,,,375.0,1500.0,,,,,5.53125,,,,,6.248600482940674,375.0,,,,,,,0.8828125,,6.1875,,4.96875,,-5.09375,1.0,,10620.0,,3e-05,,0.055908203125,,,1775633454.9598107,,,,,256.0,-0.1435546875,,375,,7682.9228515625,1338.687384092
,3552.19384765625,,10620.0,,,376.0,1504.0,,,,,,,,,,6.638071060180664,,,,,,,,,,,,7.25,,-4.625,1.0,,10620.0,,3e-05,,0.056640625,,,1775633457.964281,,,,,,2.640625,,376,,7682.9228515625,1341.935622361
,3543.76708984375,,10620.0,,,377.0,1508.0,,,,,,,,,,5.010502815246582,,,,,,,,,,,,6.5,,-5.8125,0.875,,10620.0,,3e-05,,0.2109375,,,1775633461.2125673,,,,,,0.671875,,377,,7682.9228515625,1345.156431602
,3556.83740234375,,10620.0,,,378.0,1512.0,,,,,,,,,,13.262097358703613,,,,,,,,,,,,5.46875,,-4.875,0.75,,10620.0,,3e-05,,0.8984375,,,1775633464.4334164,,,,,,0.578125,,378,,7682.9228515625,1348.23806271
,3575.81787109375,,10620.0,,,379.0,1516.0,,,,,,,,,,7.118813991546631,,,,,,,,,,,,4.625,,-2.5,0.875,,10620.0,,3e-05,,0.5234375,,,1775633467.5147812,,,,,,2.109375,,379,,7682.9228515625,1351.41712314
,3556.603515625,,10620.0,,,380.0,1520.0,,,,,,,,,,4.08285665512085,,,,,,,,,,,,6.46875,,-7.40625,1.0,,10620.0,,3e-05,,0.01202392578125,,,1775633470.6941202,,,,,,-0.92578125,,380,,7682.9228515625,1355.430634575
,3583.77978515625,,10620.0,,,381.0,1524.0,,,,,,,,,,7.249759197235107,,,,,,,,,,,,5.8125,,0.1796875,1.0,,10620.0,,3e-05,,0.034423828125,,,1775633474.7073286,,,,,,6.0,,381,,7682.9228515625,1358.326190709
,3543.29736328125,,10620.0,,,382.0,1528.0,,,,,,,,,,4.61604118347168,,,,,,,,,,,,11.0625,,-7.78125,1.0,,10620.0,,3e-05,,0.0177001953125,,,1775633477.6029298,,,,,,3.28125,,382,,7682.9228515625,1361.628241527
,3585.36767578125,,10620.0,,,383.0,1532.0,,,,,,,,,,6.043970584869385,,,,,,,,,,,,6.5,,-1.1484375,1.0,,10620.0,,3e-05,,0.0771484375,,,1775633480.9052558,,,,,,5.375,,383,,7682.9228515625,1365.178917343
,3623.58642578125,,10620.0,,,384.0,1536.0,,,,,,,,,,3.1643455028533936,,,,,,,,,,,,9.875,,-11.6875,1.0,,10620.0,,3e-05,,0.041259765625,,,1775633484.455798,,,,,,-1.8203125,,384,,7682.9228515625,1368.297861896
,3581.96533203125,,10620.0,,,385.0,1540.0,,,,,,,,,,3.0894575119018555,,,,,,,,,,,,6.03125,,-4.125,1.0,,10620.0,,3e-05,,0.07275390625,,,1775633487.5746381,,,,,,1.90625,,385,,7682.9228515625,1371.056813559
,3552.69482421875,,10620.0,,,386.0,1544.0,,,,,,,,,,7.968179225921631,,,,,,,,,,,,6.15625,,-4.59375,1.0,,10620.0,,3e-05,,0.07568359375,,,1775633490.3335762,,,,,,1.5625,,386,,7682.9228515625,1374.562467546
,3542.55517578125,,10620.0,,,387.0,1548.0,,,,,,,,,,4.445914268493652,,,,,,,,,,,,6.21875,,-4.8125,0.875,,10620.0,,3e-05,,0.189453125,,,1775633493.839388,,,,,,1.421875,,387,,7682.9228515625,1377.741007814
,3559.33642578125,,10620.0,,,388.0,1552.0,,,,,,,,,,11.038809776306152,,,,,,,,,,,,5.78125,,-1.328125,0.875,,10620.0,,3e-05,,0.39453125,,,1775633497.0179176,,,,,,4.46875,,388,,7682.9228515625,1381.295641638
,3548.83349609375,,10620.0,,,389.0,1556.0,,,,,,,,,,4.919776439666748,,,,,,,,,,,,10.125,,-8.6875,1.0,,10620.0,,3e-05,,0.01031494140625,,,1775633500.5725794,,,,,,1.4609375,,389,,7682.9228515625,1385.009681526
,3630.1806640625,,10620.0,,,390.0,1560.0,,,,,,,,,,6.706600189208984,,,,,,,,,,,,5.71875,,-5.28125,0.875,,10620.0,,3e-05,,0.1474609375,,,1775633504.286672,,,,,,0.4375,,390,,7682.9228515625,1388.092742462
,3542.189453125,,10620.0,,,391.0,1564.0,,,,,,,,,,10.179340362548828,,,,,,,,,,,,8.75,,-7.03125,1.0,,10620.0,,3e-05,,0.044921875,,,1775633507.369739,,,,,,1.7265625,,391,,7682.9228515625,1391.143557406
,3553.53125,,10620.0,,,392.0,1568.0,,,,,,,,,,12.150190353393555,,,,,,,,,,,,5.15625,,-1.2421875,1.0,,10620.0,,3e-05,,0.1171875,,,1775633510.4205399,,,,,,3.921875,,392,,7682.9228515625,1393.923260712
,3549.68310546875,,10620.0,,,393.0,1572.0,,,,,,,,,,4.005483627319336,,,,,,,,,,,,9.125,,-4.15625,1.0,,10620.0,,3e-05,,0.07275390625,,,1775633513.2003503,,,,,,4.96875,,393,,7682.9228515625,1397.209723329
,3598.9990234375,,10620.0,,,394.0,1576.0,,,,,,,,,,2.965770959854126,,,,,,,,,,,,6.96875,,-1.96875,1.0,,10620.0,,3e-05,,0.09375,,,1775633516.4866853,,,,,,5.0,,394,,7682.9228515625,1400.497892157
,3548.03662109375,,10620.0,,,395.0,1580.0,,,,,,,,,,10.561309814453125,,,,,,,,,,,,2.96875,,-3.78125,0.875,,10620.0,,3e-05,,0.9375,,,1775633519.7749443,,,,,,-0.80078125,,395,,7682.9228515625,1403.542686425
,3579.68896484375,,10620.0,,,396.0,1584.0,,,,,,,,,,20.08612060546875,,,,,,,,,,,,5.125,,-1.3828125,0.75,,10620.0,,3e-05,,0.318359375,,,1775633522.819241,,,,,,3.734375,,396,,7682.9228515625,1406.946479487
,3548.14990234375,,10620.0,,,397.0,1588.0,,,,,,,,,,8.611090660095215,,,,,,,,,,,,5.125,,-0.59765625,1.0,,10620.0,,3e-05,,0.07763671875,,,1775633526.22345,,,,,,4.53125,,397,,7682.9228515625,1410.230217639
,3550.48388671875,,10620.0,,,398.0,1592.0,,,,,,,,,,0.7130946516990662,,,,,,,,,,,,9.625,,-9.6875,1.0,,10620.0,,3e-05,,0.00347900390625,,,1775633529.5072386,,,,,,-0.0556640625,,398,,7682.9228515625,1413.002865656
,3552.26708984375,,10620.0,,,399.0,1596.0,,,,,,,,,,7.5716471672058105,,,,,,,,,,,,7.75,,-3.703125,1.0,,10620.0,,3e-05,,0.037841796875,,,1775633532.2798476,,,,,,4.03125,,399,,7682.9228515625,1415.95386423
0.81640625,3586.67236328125,-4.125,10620.0,,,400.0,1600.0,,,,,5.375,,,,,5.064201831817627,400.0,,,,,,,1.25,,5.65625,,8.25,,-8.0625,1.0,,10620.0,,3e-05,,0.005859375,,,1775633543.5650935,,,,,256.0,0.15625,,400,,7682.9228515625,1428.236243997
,3548.22802734375,,10620.0,,,401.0,1604.0,,,,,,,,,,7.132236957550049,,,,,,,,,,,,5.9375,,-5.9375,0.875,,10620.0,,3e-05,,0.431640625,,,1775633547.5130708,,,,,,0.0166015625,,401,,7682.9228515625,1430.970322601
,3543.17431640625,,10620.0,,,402.0,1608.0,,,,,,,,,,6.356800079345703,,,,,,,,,,,,6.125,,-5.0,0.875,,10620.0,,3e-05,,0.279296875,,,1775633550.2471704,,,,,,1.140625,,402,,7682.9228515625,1434.123624086
,3550.13427734375,,10620.0,,,403.0,1612.0,,,,,,,,,,11.081982612609863,,,,,,,,,,,,6.875,,-4.375,0.875,,10620.0,,3e-05,,0.1298828125,,,1775633553.4005811,,,,,,2.515625,,403,,7682.9228515625,1438.092577293
,3566.11328125,,10620.0,,,404.0,1616.0,,,,,,,,,,7.284848690032959,,,,,,,,,,,,6.59375,,-4.46875,1.0,,10620.0,,3e-05,,0.07470703125,,,1775633557.3696456,,,,,,2.109375,,404,,7682.9228515625,1441.127651716
,3585.24365234375,,10620.0,,,405.0,1620.0,,,,,,,,,,5.737590312957764,,,,,,,,,,,,10.125,,-11.5625,1.0,,10620.0,,3e-05,,0.0225830078125,,,1775633560.4044971,,,,,,-1.46875,,405,,7682.9228515625,1444.284842099
,3552.8310546875,,10620.0,,,406.0,1624.0,,,,,,,,,,11.293840408325195,,,,,,,,,,,,4.34375,,-4.40625,0.875,,10620.0,,3e-05,,0.462890625,,,1775633563.5616982,,,,,,-0.0625,,406,,7682.9228515625,1448.095447611
,3556.65283203125,,10620.0,,,407.0,1628.0,,,,,,,,,,2.496807098388672,,,,,,,,,,,,9.375,,-13.375,1.0,,10620.0,,3e-05,,0.00628662109375,,,1775633567.372349,,,,,,-3.9375,,407,,7682.9228515625,1451.11682657
,3583.1220703125,,10620.0,,,408.0,1632.0,,,,,,,,,,9.713586807250977,,,,,,,,,,,,8.875,,-9.3125,0.875,,10620.0,,3e-05,,0.11181640625,,,1775633570.39377,,,,,,-0.43359375,,408,,7682.9228515625,1454.615530639
,3568.93994140625,,10620.0,,,409.0,1636.0,,,,,,,,,,10.381240844726562,,,,,,,,,,,,7.6875,,-8.0625,1.0,,10620.0,,3e-05,,0.021240234375,,,1775633573.8925166,,,,,,-0.37109375,,409,,7682.9228515625,1457.162691143
,3535.87646484375,,10620.0,,,410.0,1640.0,,,,,,,,,,9.115633010864258,,,,,,,,,,,,6.65625,,-6.9375,0.875,,10620.0,,3e-05,,0.1953125,,,1775633576.4384668,,,,,,-0.28125,,410,,7682.9228515625,1460.649481178
,3561.83447265625,,10620.0,,,411.0,1644.0,,,,,,,,,,9.551383972167969,,,,,,,,,,,,11.0,,-14.0625,1.0,,10620.0,,3e-05,,0.006500244140625,,,1775633579.9243932,,,,,,-3.078125,,411,,7682.9228515625,1463.509874408
,3537.48828125,,10620.0,,,412.0,1648.0,,,,,,,,,,13.23427677154541,,,,,,,,,,,,6.125,,-10.375,0.875,,10620.0,,3e-05,,0.412109375,,,1775633582.7863512,,,,,,-4.25,,412,,7682.9228515625,1467.19162135
,3571.40185546875,,10620.0,,,413.0,1652.0,,,,,,,,,,3.0293993949890137,,,,,,,,,,,,7.84375,,-11.3125,1.0,,10620.0,,3e-05,,0.07275390625,,,1775633586.4682617,,,,,,-3.484375,,413,,7682.9228515625,1470.340358933
,3570.88134765625,,10620.0,,,414.0,1656.0,,,,,,,,,,4.017221927642822,,,,,,,,,,,,6.40625,,-12.25,0.875,,10620.0,,3e-05,,0.11376953125,,,1775633589.6171374,,,,,,-5.84375,,414,,7682.9228515625,1473.1491019
,3548.7099609375,,10620.0,,,415.0,1660.0,,,,,,,,,,12.364194869995117,,,,,,,,,,,,7.8125,,-8.375,0.875,,10620.0,,3e-05,,0.16796875,,,1775633592.4257653,,,,,,-0.5546875,,415,,7682.9228515625,1475.868616888
,3547.6474609375,,10620.0,,,416.0,1664.0,,,,,,,,,,8.00772762298584,,,,,,,,,,,,7.6875,,-9.75,1.0,,10620.0,,3e-05,,0.036865234375,,,1775633595.1455982,,,,,,-2.109375,,416,,7682.9228515625,1478.804040463
,3544.36962890625,,10620.0,,,417.0,1668.0,,,,,,,,,,4.593417167663574,,,,,,,,,,,,5.5625,,-5.84375,0.875,,10620.0,,3e-05,,0.40234375,,,1775633598.0809522,,,,,,-0.26171875,,417,,7682.9228515625,1481.644218784
,3548.98388671875,,10620.0,,,418.0,1672.0,,,,,,,,,,5.927957534790039,,,,,,,,,,,,8.1875,,-9.5625,0.875,,10620.0,,3e-05,,0.1708984375,,,1775633600.921327,,,,,,-1.34375,,418,,7682.9228515625,1485.114885788
,3560.560546875,,10620.0,,,419.0,1676.0,,,,,,,,,,6.7821736335754395,,,,,,,,,,,,5.8125,,-9.1875,0.875,,10620.0,,3e-05,,0.36328125,,,1775633604.3919103,,,,,,-3.40625,,419,,7682.9228515625,1487.899205346
,3547.3798828125,,10620.0,,,420.0,1680.0,,,,,,,,,,3.2515835762023926,,,,,,,,,,,,9.5625,,-11.9375,1.0,,10620.0,,3e-05,,0.0022735595703125,,,1775633607.1759455,,,,,,-2.359375,,420,,7682.9228515625,1490.637570291
,3553.15234375,,10620.0,,,421.0,1684.0,,,,,,,,,,6.261763095855713,,,,,,,,,,,,7.34375,,-9.875,1.0,,10620.0,,3e-05,,0.03076171875,,,1775633609.9144995,,,,,,-2.515625,,421,,7682.9228515625,1494.077308674
,3567.892578125,,10620.0,,,422.0,1688.0,,,,,,,,,,5.918145179748535,,,,,,,,,,,,5.9375,,-8.0,0.875,,10620.0,,3e-05,,0.17578125,,,1775633613.3540246,,,,,,-2.078125,,422,,7682.9228515625,1497.916781891
,3621.85009765625,,10620.0,,,423.0,1692.0,,,,,,,,,,7.26178503036499,,,,,,,,,,,,7.03125,,-9.5,1.0,,10620.0,,3e-05,,0.0244140625,,,1775633617.1937976,,,,,,-2.46875,,423,,7682.9228515625,1501.449615542
,3615.05224609375,,10620.0,,,424.0,1696.0,,,,,,,,,,3.520735740661621,,,,,,,,,,,,7.03125,,-14.375,1.0,,10620.0,,3e-05,,0.0228271484375,,,1775633620.7264147,,,,,,-7.3125,,424,,7682.9228515625,1504.748287713
0.8359375,3591.5986328125,-7.625,10620.0,,,425.0,1700.0,,,,,5.09375,,,,,7.986932277679443,425.0,,,,,,,-2.515625,,5.3125,,6.875,,-10.375,1.0,,10620.0,,3e-05,,0.006256103515625,,,1775633632.3627107,,,,,256.0,-3.53125,,425,,7682.9228515625,1515.956006868
,3561.39306640625,,10620.0,,,426.0,1704.0,,,,,,,,,,8.266568183898926,,,,,,,,,,,,7.21875,,-8.3125,1.0,,10620.0,,3e-05,,0.0147705078125,,,1775633635.232716,,,,,,-1.109375,,426,,7682.9228515625,1518.784315678
,3558.3564453125,,10620.0,,,427.0,1708.0,,,,,,,,,,2.575986862182617,,,,,,,,,,,,7.6875,,-10.0,1.0,,10620.0,,3e-05,,0.03759765625,,,1775633638.0612395,,,,,,-2.3125,,427,,7682.9228515625,1521.111501086
,3556.0029296875,,10620.0,,,428.0,1712.0,,,,,,,,,,8.494446754455566,,,,,,,,,,,,10.4375,,-10.5625,0.875,,10620.0,,3e-05,,0.130859375,,,1775633640.3882651,,,,,,-0.10986328125,,428,,7682.9228515625,1524.521479794
,3542.08544921875,,10620.0,,,429.0,1716.0,,,,,,,,,,8.805317878723145,,,,,,,,,,,,8.1875,,-6.3125,0.875,,10620.0,,3e-05,,0.2080078125,,,1775633643.7984135,,,,,,1.8671875,,429,,7682.9228515625,1527.349496635
,3550.279296875,,10620.0,,,430.0,1720.0,,,,,,,,,,8.28002643585205,,,,,,,,,,,,7.125,,-5.625,1.0,,10620.0,,3e-05,,0.03271484375,,,1775633646.6264622,,,,,,1.4765625,,430,,7682.9228515625,1530.122980159
,3544.265625,,10620.0,,,431.0,1724.0,,,,,,,,,,8.546944618225098,,,,,,,,,,,,7.9375,,-8.375,1.0,,10620.0,,3e-05,,0.0546875,,,1775633649.400039,,,,,,-0.458984375,,431,,7682.9228515625,1533.662513911
,3550.45068359375,,10620.0,,,432.0,1728.0,,,,,,,,,,7.388051986694336,,,,,,,,,,,,6.6875,,-7.90625,0.875,,10620.0,,3e-05,,0.2451171875,,,1775633652.9394293,,,,,,-1.2265625,,432,,7682.9228515625,1536.800572619
,3567.462890625,,10620.0,,,433.0,1732.0,,,,,,,,,,4.5890069007873535,,,,,,,,,,,,10.3125,,-9.9375,1.0,,10620.0,,3e-05,,0.00689697265625,,,1775633656.0774226,,,,,,0.3671875,,433,,7682.9228515625,1539.97126778
,3558.59375,,10620.0,,,434.0,1736.0,,,,,,,,,,7.598076820373535,,,,,,,,,,,,5.375,,-8.0,0.875,,10620.0,,3e-05,,0.2578125,,,1775633659.2482047,,,,,,-2.65625,,434,,7682.9228515625,1543.325908352
,3551.89208984375,,10620.0,,,435.0,1740.0,,,,,,,,,,5.4665398597717285,,,,,,,,,,,,4.5,,-5.15625,1.0,,10620.0,,3e-05,,0.1796875,,,1775633662.6029322,,,,,,-0.66015625,,435,,7682.9228515625,1547.106629948
,3547.43798828125,,10620.0,,,436.0,1744.0,,,,,,,,,,7.9721455574035645,,,,,,,,,,,,2.765625,,-2.875,0.625,,10620.0,,3e-05,,0.46484375,,,1775633666.3837023,,,,,,-0.109375,,436,,7682.9228515625,1550.637474838
,3552.37353515625,,10620.0,,,437.0,1748.0,,,,,,,,,,7.136569023132324,,,,,,,,,,,,4.78125,,-5.0625,0.75,,10620.0,,3e-05,,0.52734375,,,1775633669.914475,,,,,,-0.29296875,,437,,7682.9228515625,1553.608346002
,3559.736328125,,10620.0,,,438.0,1752.0,,,,,,,,,,9.53666877746582,,,,,,,,,,,,5.34375,,-7.5,1.0,,10620.0,,3e-05,,0.058837890625,,,1775633672.885231,,,,,,-2.171875,,438,,7682.9228515625,1556.115585548
,3548.72705078125,,10620.0,,,439.0,1756.0,,,,,,,,,,3.841928243637085,,,,,,,,,,,,5.46875,,-5.5625,1.0,,10620.0,,3e-05,,0.03662109375,,,1775633675.3925195,,,,,,-0.10888671875,,439,,7682.9228515625,1559.290845151
,3590.6611328125,,10620.0,,,440.0,1760.0,,,,,,,,,,4.664886951446533,,,,,,,,,,,,6.625,,-5.5625,1.0,,10620.0,,3e-05,,0.0235595703125,,,1775633678.5677936,,,,,,1.0703125,,440,,7682.9228515625,1563.452424308
,3605.14013671875,,10620.0,,,441.0,1764.0,,,,,,,,,,8.69809341430664,,,,,,,,,,,,4.28125,,-5.03125,1.0,,10620.0,,3e-05,,0.043701171875,,,1775633682.729275,,,,,,-0.75390625,,441,,7682.9228515625,1567.111639397
,3554.87158203125,,10620.0,,,442.0,1768.0,,,,,,,,,,4.694115161895752,,,,,,,,,,,,10.6875,,-8.5625,1.0,,10620.0,,3e-05,,0.012451171875,,,1775633686.3886595,,,,,,2.09375,,442,,7682.9228515625,1570.153218266
,3550.72314453125,,10620.0,,,443.0,1772.0,,,,,,,,,,5.557733535766602,,,,,,,,,,,,10.1875,,-9.4375,1.0,,10620.0,,3e-05,,0.00872802734375,,,1775633689.4301841,,,,,,0.7421875,,443,,7682.9228515625,1573.432036755
,3595.05810546875,,10620.0,,,444.0,1776.0,,,,,,,,,,5.790886402130127,,,,,,,,,,,,6.78125,,-7.0625,0.875,,10620.0,,3e-05,,0.234375,,,1775633692.7089381,,,,,,-0.28515625,,444,,7682.9228515625,1576.685295877
0.83984375,3539.82275390625,-5.53125,10620.0,,,445.0,1780.0,,,,,4.96875,,445.0,,,3.5870182514190674,445.0,,,,,,,-0.546875,,5.59375,,9.75,,-9.3125,1.0,,10620.0,,3e-05,0.2822024413586726,0.0291748046875,,1576.882176701,1775633704.9781785,,,,,256.0,0.49609375,,445,,7682.9228515625,1585.705103133
